name,HGVSc,gapfill,gapfill_from_transcriptome,frequency,expected_frequency_from_bulk,lhs_probe,rhs_probe,count_of_this_gapfill,signed_log_likelihood_given_wt_control,signed_log_likelihood_given_other_samples,signed_log_likelihood_given_wt_edit_dist,sample,likelihood_given_wt_edit_dist,original_name,origin
JAK2 c.1849G>T,JAK2 c.1849G>T,AAC,CAC,0.961212630399776,0.91,TGAACCAGAATATTCTCGTCTCCACAGA,ATACTCCATAATTTAAAACCAAATGCTTGTGAGAAAGCTTGCTC,13729.0,-300.0,-300.0,-300.0,BC012_1,0.0024721534072314,JAK2 c.1849G>T,from_control
JAK2 c.3187_3189,JAK2 c.3188G>A,TATGC,TACGC,0.9163415691374079,0.956,TGTCCTTGTTTGTCATTGCCAATCA,ATAAATTCCGCTGGTGGACTTTTAC,4228.0,-300.0,-300.0,-300.0,BC012_1,0.0024721250393969,JAK2 c.3187_3189,from_control
ASXL1 c.2245_2246insGG,ASXL1 c.2246_2247insGG,GGGGACCGT,GGGGAGT,0.31207819408889925,0.347,ATGGCTGGTCCCCAGTGGGAGCAAC,TGGGAGGCATCTCCTAGCCCATCTG,1341.0,-300.0,-300.0,,BC012_1,,ASXL1 c.2245_2246insGG,from_control
JAK2 c.839C>T,JAK2 c.839C>T,TAAA,TGAA,0.033054003724394786,0.022,TAATGGTTGCAAAAATCTCCTCACC,GGACCACTTCCAGGTTCTTTTACTT,71.0,,-51.775434042698095,-13.486597464862314,BC012_1,0.0024721534072314,JAK2 c.839C>T,from_others
TP53 c.321C>G,TP53 c.321C>G,CCT,CGT,0.952423900789177,0.972,GAATGCAAGAAGCCCAGACGGAAAC,AGCTGCCCTGGTAGGTTTTCTGGGA,4224.0,-300.0,-300.0,-300.0,BC010_1,0.0024721448720532,TP53 c.321C>G,from_control
JAK2 c.1849G>T,JAK2 c.1849G>T,AAC,CAC,0.5338212725770275,0.51,TGAACCAGAATATTCTCGTCTCCACAGA,ATACTCCATAATTTAAAACCAAATGCTTGTGAGAAAGCTTGCTC,13566.0,-300.0,185.0478249106647,-300.0,BC010_1,0.0024721534072314,JAK2 c.1849G>T,from_control
JAK2 c.1849G>T,JAK2 c.1849G>T,AAC,CAC,0.8364248258589654,0.49,TGAACCAGAATATTCTCGTCTCCACAGA,ATACTCCATAATTTAAAACCAAATGCTTGTGAGAAAGCTTGCTC,10687.0,-300.0,-300.0,-300.0,BC002_1,0.0024721534072314,JAK2 c.1849G>T,from_control
ASXL1 c.1249C>T,ASXL1 c.1249C>T,CAGA,CGGA,0.11860595840359753,0.145,GTACAGATTCCTTCTGGCTCTGGTT,GATCTGGCCGAGAGCGTTTCTTAAA,422.0,-300.0,-300.0,-93.01969539006205,BC002_1,0.0024721250393969,ASXL1 c.1249C>T,from_control
TP53 c.536A>G,TP53 c.535C>T,ATA,ATG,0.0859106529209622,0.012,GACCATCGCTATCTGAGCAGCGCTC,GTGGGGGCAGCGCCTCACAACCTCC,25.0,-145.04431681233598,-269.0821087082691,-6.012180829252571,BC002_1,0.0024721250393969,TP53 c.536A>G,from_control
SRSF2 c.161C>T,SRSF2 c.161C>T,GAAC,GGAC,0.04996792815907633,0.036,GAAAGCGAACGAAGGCGAAGCCGCG,TCCTTGGTGTAGCGGTCCCGCGGGA,1558.0,-300.0,-300.0,-299.93155208852824,BC002_1,0.0024721534072314,SRSF2 c.161C>T,from_control
SH2B3 c.894G>A,SH2B3 c.894G>A,TTCA,TCCA,0.04710012050086446,0.083,CCTGTGCACTCCGAGAGCTCAGCCA,TGAATTCAGCTGCTGCTCGTCTCCC,899.0,-134.175271596083,-300.0,-172.29917611648705,BC002_1,0.0024721448720532,SH2B3 c.894G>A,from_control
CALR c.1150_1154delinsTGTC,CALR c.1150_1154delinsTGTC,CGACAC,CTTGTCC,0.8082938817746734,0.613,CCTCATCTTTGTCCTCATCATCCTC,TCTGCCTCCTCCTCCTCTTTGCGTT,312446.0,-300.0,-300.0,,BC007_1,,CALR c.1150_1154delinsTGTC,from_control
TP53 c.920-1G>A,TP53 c.920-1G>A,GTT,GCT,0.7878787878787878,0.187,AGAGGAGCTGGTGTTGTTGGGCAGT,AGGAAAGAGGCAAGGAAAGGTGATA,78.0,-21.019869074631032,-68.80399654779183,,BC007_1,,TP53 c.920-1G>A,from_control
TP53 c.818G>A,TP53 c.818G>A,ATGC,ACGC,0.7797000151945994,0.473,GGTCTCTCCCAGGACAGGCACAAAC,ACCTCAAAGCTGTTCCGTCCCAGTA,35920.0,-300.0,-300.0,-300.0,BC007_1,0.0024721250393969,TP53 c.818G>A,from_control
EZH2 c.2054G>A,EZH2 c.2054G>A,ATGAA,ACGAA,0.28336113427856546,0.182,TTGGATTTACCGAATGATTTGCAAA,TTTTGTTACCCTTGCGGGTTGCATC,2718.0,-300.0,-300.0,-300.0,BC007_1,0.0024721250393969,EZH2 c.2054G>A,from_control
ZRSR2 c.883C>T,ZRSR2 c.883C>T,CAT,CGT,0.10976532929598788,0.108,GGGGCAGAATTCACACTGCAGCTGT,CCTGCATACCATCGTCCGTTAAACA,725.0,-215.5322143050111,-300.0,-157.3800834956328,BC007_1,0.0024721250393969,ZRSR2 c.883C>T,from_control
NRAS c.35G>A,NRAS c.35G>A,ATCT,ACCT,0.003173878770277559,0.0,TTGTCAGTGCGCTTTTCCCAACACC,GCTCCAACCACCACCAGTTTGTACT,153.0,-39.121736815074485,-85.36803602120938,-1.3975981009950829,BC007_1,0.0024721250393969,NRAS c.35G>A,from_control
DNMT3A c.2644C>T,DNMT3A c.2645G>A,TGGCT,CGGCT,0.41602728047740833,0.33,GCCCAGCAGTCTCTGCCTCGCCAAG,CATGTTGGAGACGTCAGTATAGTGG,488.0,-300.0,-300.0,-133.1292167630064,BC014_1,0.0024721250393969,DNMT3A c.2644C>T,from_control
JAK2 c.1849G>T,JAK2 c.1849G>T,AAC,CAC,0.19479857215706273,0.21,TGAACCAGAATATTCTCGTCTCCACAGA,ATACTCCATAATTTAAAACCAAATGCTTGTGAGAAAGCTTGCTC,382.0,-300.0,300.0,-89.98665084310835,BC014_1,0.0024721534072314,JAK2 c.1849G>T,from_control
JAK2 c.1849G>T,JAK2 c.1849G>T,AAC,CAC,0.5895522388059702,0.54,TGAACCAGAATATTCTCGTCTCCACAGA,ATACTCCATAATTTAAAACCAAATGCTTGTGAGAAAGCTTGCTC,474.0,-300.0,1.1262096065711091,-145.88785245994836,BC008_1,0.0024721534072314,JAK2 c.1849G>T,from_control
TP53 c.536A>G,TP53 c.536A>G,ACG,ATG,0.07142857142857142,0.014,GACCATCGCTATCTGAGCAGCGCTC,GTGGGGGCAGCGCCTCACAACCTCC,3.0,-51.7149490769323,-83.78511998072048,-1.0273024262775436,BC008_1,0.0024721250393969,TP53 c.536A>G,from_control
TP53 c.731G>A,TP53 c.731G>A,GCCGTC,GCCGCC,0.047619047619047616,0.019,TGGTGAGGATGGGCCTCCGGTTCAT,CATGCAGGAACTGTTACACATGTAG,1.0,-31.710085530494695,-52.08345395258692,-0.45695784240339776,BC008_1,0.0024721250393969,TP53 c.731G>A,from_control
TP53 c.393_395del,TP53 c.393_395del,ATCT,ATCTTGT,0.045454545454545456,0.023,GCAGGTCTTGGCCAGTTGGCAAAAC,TGAGGGCAGGGGAGTACGTGCAAGT,1.0,-205.446632537372,-246.96393216436724,,BC008_1,,TP53 c.393_395del,from_control
JAK2 c.1849G>T,JAK2 c.1849G>T,AAC,CAC,0.547972972972973,0.75,TGAACCAGAATATTCTCGTCTCCACAGA,ATACTCCATAATTTAAAACCAAATGCTTGTGAGAAAGCTTGCTC,7299.0,-300.0,66.84293149663205,-300.0,BC004_1,0.0024721534072314,JAK2 c.1849G>T,from_control
DNMT3A c.2644C>T,DNMT3A c.2644C>T,CAGCT,CGGCT,0.5260654112983152,0.497,GCCCAGCAGTCTCTGCCTCGCCAAG,CATGTTGGAGACGTCAGTATAGTGG,5308.0,-300.0,-300.0,-300.0,BC004_1,0.0024721250393969,DNMT3A c.2644C>T,from_control
ASXL1 c.2081_2099dup,ASXL1 c.2081_2099dup,,,0.4441629578911332,0.462,ATTTAGAGGATAAGGCGGCAGTAGT,TGTGTTCGCTGTAGATCTGACGTAC/TGTGTAAGGCGGCAGTAGTTGTGTT,6487.0,-300.0,-300.0,300.0,BC004_1,0.9810960673050816,ASXL1 c.2081_2099dup_0,from_control
SRSF2 c.284C>G,SRSF2 c.284C>G,GGGCG,GGGGG,0.458628841607565,0.504,TCCCCGGCGGCTGTGGTGTGAGTCC,GCGGCCGTAGCGCGCCATTTGCACC,388.0,,-222.25882870565795,-109.18663478574939,BC004_1,0.0024721732398877,SRSF2 c.284C>G,from_others
JAK2 c.1849G>T,JAK2 c.1849G>T,AAC,CAC,0.9434245035593856,0.93,TGAACCAGAATATTCTCGTCTCCACAGA,ATACTCCATAATTTAAAACCAAATGCTTGTGAGAAAGCTTGCTC,15108.0,-300.0,-300.0,-300.0,BC015_1,0.0024721534072314,JAK2 c.1849G>T,from_control
ASXL1 c.2407C>T,ASXL1 c.2407C>T,TACT,TGCT,0.47323407067604867,0.472,ATTGTCTGCAGGAACGGTGGGTCCT,CCTCATCATCACTTTCCCAGGAAGT,12173.0,-300.0,-300.0,-300.0,BC015_1,0.0024721250393969,ASXL1 c.2407C>T,from_control
SRSF2 c.284_307del,SRSF2 c.284_307del,CGGC,CGGCGGCTGTGGTGTGAGTCCGGGGGGC,0.9772727272727273,0.297,CCCGTACCTGCGGGGTGGCGGTCCC,GGCCGTAGCGCGCCATTTGCACCCG,215.0,-18.805631390968756,-43.690752429617106,,BC005_1,,SRSF2 c.284_307del,from_control
TP53 c.527G>A,TP53 c.527G>A,GTA,GCA,0.9652032520325203,0.356,TATCTGAGCAGCGCTCATGGTGGGG,GCGCCTCACAACCTCCGTCATGTGC,2968.0,,-300.0,-300.0,BC005_1,0.0024721250393969,TP53 c.527G>A,from_others
IDH2 c.418C>T,IDH2 c.418C>T,CAGAT,CGGAT,0.475060709603937,0.25,GAAGACAGTCCCCCCCAGGATGTTC,AGTTCCATTGGGACTTTTCCACATC,44212.0,,-300.0,-300.0,BC005_1,0.0024721250393969,IDH2 c.418C>T,from_others
JAK2 c.1849G>T,JAK2 c.1849G>T,AAC,CAC,0.9033306255077173,0.89,TGAACCAGAATATTCTCGTCTCCACAGA,ATACTCCATAATTTAAAACCAAATGCTTGTGAGAAAGCTTGCTC,1112.0,-300.0,-92.70232552559412,-300.0,BC009_1,0.0024721534072314,JAK2 c.1849G>T,from_control
ASXL1 c.4183C>G,ASXL1 c.4183C>G,CCACT,CCAGT,0.7035490605427975,0.499,AAGGGCATCCCTTCCAAGTGACCCA,TCCAGGGGACTATGCCCAGTAGCTT,674.0,-300.0,-300.0,-225.44434110992768,BC009_1,0.0024721250393969,ASXL1 c.4183C>G,from_control
IDH2 c.419G>A,IDH2 c.419G>A,CTGGAT,CCGGAT,0.379552435278631,0.435,GGAAGACAGTCCCCCCCAGGATGTT,AGTTCCATTGGGACTTTTCCACATC,865.0,-300.0,-300.0,-229.29309069912574,BC009_1,0.0024721250393969,IDH2 c.419G>A,from_control
JAK2 c.1849G>T,JAK2 c.1849G>T,AAC,CAC,0.9694060211554109,0.92,TGAACCAGAATATTCTCGTCTCCACAGA,ATACTCCATAATTTAAAACCAAATGCTTGTGAGAAAGCTTGCTC,11914.0,-300.0,-300.0,-300.0,BC013_1,0.0024721534072314,JAK2 c.1849G>T,from_control
JAK2 c.1849G>T,JAK2 c.1849G>T,AAC,CAC,0.8280176392164906,0.78,TGAACCAGAATATTCTCGTCTCCACAGA,ATACTCCATAATTTAAAACCAAATGCTTGTGAGAAAGCTTGCTC,8074.0,-300.0,-300.0,-300.0,BC003_1,0.0024721534072314,JAK2 c.1849G>T,from_control
TET2 c.5618T>C,TET2 c.5618T>C,AGT,AAT,0.21829457364341084,0.29,CATGCAGCTCACGCTTTGCACACTC,GAGAATTGACCCATGAGTTGGAGCC,704.0,-300.0,-300.0,-167.62932961177893,BC003_1,0.0024721534072314,TET2 c.5618T>C,from_control
TET2 c.4537+2T>G,TET2 c.4537+3A>T,TAACC,TTACC,0.1781818181818182,0.029,CACATTTATCTACAAATGCTTTACATTAAAT,TGCCAACTGTTTAGCCTGGCTTGCG,49.0,-13.595515747879432,-72.47257995428038,,BC003_1,,TET2 c.4537+2T>G,from_control
ASXL1 c.4183C>G,ASXL1 c.4183C>G,CCACT,CCAGT,0.07853403141361257,,AAGGGCATCCCTTCCAAGTGACCCA,TCCAGGGGACTATGCCCAGTAGCTT,360.0,-300.0,-300.0,-75.45790163417418,BC003_1,0.0024721250393969,ASXL1 c.4183C>G,from_control
IDH2 c.419G>A,IDH2 c.419G>A,CTGGAT,CCGGAT,0.014169981706785911,,GGAAGACAGTCCCCCCCAGGATGTT,AGTTCCATTGGGACTTTTCCACATC,488.0,-300.0,1.3053021320423577,-63.33402738235539,BC003_1,0.0024721250393969,IDH2 c.419G>A,from_control
TP53 c.524G>A,TP53 c.524G>A,GCAGTG,GCAGCG,0.4831704668838219,0.336,TATCTGAGCAGCGCTCATGGTGGGG,CCTCACAACCTCCGTCATGTGCTGT,445.0,,-203.45224994783842,-127.15364589584419,BC003_1,0.0024721250393969,TP53 c.524G>A,from_others
NFE2 c.714_716delinsAA,NFE2 c.714_716delinsAA,CTTGG,CGTAGG,0.011598337778329096,0.015,CTACCGGCAAGTTGACAATCTTGTC,AAAAGGAATCTTCATGGCCAAGGCC,187.0,,-300.0,,BC003_1,,NFE2 c.714_716delinsAA,from_others
SETD2 c.4702A>G,SETD2 c.4702A>G,TCGGC,TTGGC,0.39389353747552075,0.222,GACAAAGGTGTTCGAAGGAAGGTCT,AGCTCTCAAGCCCCAGCCTTTCTTT,4425.0,-300.0,-300.0,-300.0,BC001_1,0.0024721250393969,SETD2 c.4702A>G,from_control
CALR c.1154_1155insTTGTC,CALR c.1155_1156insTTGTC,CCGACAATT,CCTT,0.24516197444462118,0.33,TCCTCATCTTTGTCCTCATCATCCT,GTCCTCTGCCTCCTCCTCCTCTTTG,32368.0,-300.0,-300.0,,BC001_1,,CALR c.1154_1155insTTGTC,from_control
PPM1D c.1636_1639,PPM1D c.1636dup,ATCAGGG,ATCAGG,0.1461187214611872,0.023,TAAGCCATTTCGTCTATGCTTCTTC,GGGCCAGAATTGGACTCTTCTAATG,32.0,-39.38074567817836,-273.30754070516286,-7.8714191684416335,BC001_1,0.0033671867419323,PPM1D c.1636_1639,from_control
PPM1D c.1636_1639,PPM1D c.1639del,ACAGG,ATCAGG,0.1232876712328767,0.11,TAAGCCATTTCGTCTATGCTTCTTC,GGGCCAGAATTGGACTCTTCTAATG,27.0,-33.263589492941776,-248.4421401943601,-7.088387336457515,BC001_1,8.265261159537971e-06,PPM1D c.1636_1639,from_control
TP53 c.742C>T,TP53 c.742C>T,CAGT,CGGT,0.05234231876472128,0.03,TGTGATGATGGTGAGGATGGGCCTC,TCATGCCGCCCATGCAGGAACTGTT,200.0,-300.0,-300.0,-39.932792408476644,BC001_1,0.0024721250393969,TP53 c.742C>T,from_control
JAK2 c.1849G>T,JAK2 c.1849G>T,AAC,CAC,0.6290677034908292,0.56,TGAACCAGAATATTCTCGTCTCCACAGA,ATACTCCATAATTTAAAACCAAATGCTTGTGAGAAAGCTTGCTC,14885.0,-300.0,-2.4777405857794577,-300.0,BC006_1,0.0024721534072314,JAK2 c.1849G>T,from_control
U2AF1 c.470A>C,U2AF1 c.470A>C,ACGG,ACTG,0.5005337684049389,0.423,CCTCGTGTGCATTCTCCCATCTCAT,ACGGCAGCAGGCTTCTCTGAAGTCC,49700.0,-300.0,-300.0,-300.0,BC006_1,0.0024721250393969,U2AF1 c.470A>C,from_control
TP53 c.830G>A,TP53 c.830G>A,GGATA,GGACA,0.4618191295282773,0.381,TTCCTCTGTGCGCCGGTCTCTCCCA,GGCACAAACACGCACCTCAAAGCTG,7088.0,-300.0,-300.0,-300.0,BC006_1,0.0024721250393969,TP53 c.830G>A,from_control
SH2B3 c.1527del,SH2B3 c.1527del,GAGC,GAGCC,0.11312217194570136,0.496,ATCGCCCTGGGAGACCCTCTGGGCT,CCCGGGGACAGCCAGAAGAACTAAG,275.0,-124.57861245810994,-300.0,-58.06880579568332,BC006_1,0.004165039873879,SH2B3 c.1527del,from_control
ASXL1 c.1900A>T,ASXL1 c.1900A>T,CAA,CTA,0.27252081756245267,0.126,TCCGATGGCAGTGGTGGCCGCCTCT,TGGCAGTGGTGACCTCTCGCCCCTC,2880.0,,-300.0,-300.0,BC006_1,0.0024721534072314,ASXL1 c.1900A>T,from_others
TP53 c.725G>A,TP53 c.725G>A,GTA,GCA,0.07331351049990709,0.06,TGGGCCTCCGGTTCATGCCGCCCAT,GGAACTGTTACACATGTAGTTGTAG,2367.0,,-300.0,-300.0,BC006_1,0.0024721250393969,TP53 c.725G>A,from_others
JAK2 c.1849G>T,JAK2 c.1849G>T,AAC,CAC,0.37370187768803104,0.54,TGAACCAGAATATTCTCGTCTCCACAGA,ATACTCCATAATTTAAAACCAAATGCTTGTGAGAAAGCTTGCTC,7125.0,-300.0,300.0,-300.0,BC011_1,0.0024721534072314,JAK2 c.1849G>T,from_control
TP53 c.455dupC,TP53 c.455dupC,GGGCGGG,GGGCGG,0.11009174311926606,0.266,TGGCCATGGCGCGGACGCGGGTGCC,GGGTGTGGAATCAACCCACAGCTGC,12.0,-58.04986197401615,-260.46909326758214,-3.1809121522711052,BC011_1,0.0033671867419323,TP53 c.455dupC,from_control
TP53 c.78delT,TP53 c.78delT,GAGTAGTT,GAAGTAGTT,0.015635395874916833,0.019,AAGGGGGACAGAACGTTGTTTTCAG,TCCATAGGTCTGAAAATGTTTCCTG,47.0,-278.73812311629996,-300.0,-11.214288239000894,BC011_1,8.265261159537971e-06,TP53 c.78delT,from_control
NRAS c.35G>A,NRAS c.35G>A,ATCT,ACCT,0.006103210731982436,0.015,TTGTCAGTGCGCTTTTCCCAACACC,GCTCCAACCACCACCAGTTTGTACT,303.0,-80.95671841268137,-300.0,-17.692476117952395,BC011_1,0.0024721250393969,NRAS c.35G>A,from_control
TP53 c.613T>C,TP53 c.613T>C,ATGC,ATAC,0.006910365548322484,0.005,GTCGAAAAGTGTTTCTGTCATCCAA,TCCACACGCAAATTTCCTTCCACTC,69.0,,-65.05553103539296,-5.351908453394344,BC011_1,0.0024721250393969,TP53 c.613T>C,from_others
JAK2 c.1849G>T,JAK2 c.1849G>T,AAC,CAC,0.7012586920165479,0.49,TGAACCAGAATATTCTCGTCTCCACAGA,ATACTCCATAATTTAAAACCAAATGCTTGTGAGAAAGCTTGCTC,7967.0,-300.0,-72.07186492843056,-300.0,BC005_2,0.0024721534072314,JAK2 c.1849G>T,from_control
ASXL1 c.1636C>T,ASXL1 c.1636C>T,TAA,TGA,0.3783256041005614,0.498,ACTTTCAATTGTGTTACGAAAGGAC,CGATCTTCAAGCCGGGGCTTCTTTT,3100.0,-300.0,-300.0,-300.0,BC005_2,0.0024721534072314,ASXL1 c.1636C>T,from_control
JAK2 c.1849G>T,JAK2 c.1849G>T,AAC,CAC,0.9641768292682927,0.95,TGAACCAGAATATTCTCGTCTCCACAGA,ATACTCCATAATTTAAAACCAAATGCTTGTGAGAAAGCTTGCTC,13915.0,-300.0,-300.0,-300.0,BC016_2,0.0024721534072314,JAK2 c.1849G>T,from_control
ASXL1 c.1934dupG,ASXL1 c.1934dupG,CCCC,CCC,0.16387337057728119,0.422,ATCGGTGGCCCCGCCGCCACCTCCACCCGGGCCA,CCCCCTCCGATGGCAGTGGTGGCC,88.0,-50.72298714435277,-188.9067914997276,-20.029388885232095,BC016_2,0.0052351021143565,ASXL1 c.1934dupG,from_control
JAK2 c.1849G>T,JAK2 c.1849G>T,AAC,CAC,0.9362126245847177,0.86,TGAACCAGAATATTCTCGTCTCCACAGA,ATACTCCATAATTTAAAACCAAATGCTTGTGAGAAAGCTTGCTC,1409.0,-300.0,-140.60281629175688,-300.0,BC010_2,0.0024721534072314,JAK2 c.1849G>T,from_control
TET2 c.4537+2T>G,TET2 c.4537+2T>G,TTCCC,TTACC,0.7674418604651163,0.267,CACATTTATCTACAAATGCTTTACATTAAAT,TGCCAACTGTTTAGCCTGGCTTGCG,33.0,-42.30553910759724,-163.16335557564662,,BC010_2,,TET2 c.4537+2T>G,from_control
IDH1 c.395G>A,IDH1 c.395G>A,ATGA,ACGA,0.05925925925925926,0.034,CTCTGTATTGATCCCCATAAGCATG,CCTATGATGATAGGTTTTACCCATC,16.0,-194.12123955046826,-112.6808058367996,-3.8657583622710376,BC010_2,0.0024721250393969,IDH1 c.395G>A,from_control
MPL c.1771T>G,MPL c.1771T>G,TCGT,TAGT,0.9697137325404508,0.771,CAGGCAAGAAGGCTGCAATCTTCGG,CCATCTGGGCCTGGGAGGAACACAG,7012.0,-300.0,-300.0,-300.0,BC004_2,0.0024721250393969,MPL c.1771T>G,from_control
PTPN11 c.1508G>A,PTPN11 c.1508G>A,TCTC,TCCC,0.4388589666866148,0.296,CGGTACTGTGCTTCTGTCTGGACCA,TGACCTCTGAGACCGCACCATCTGG,2200.0,-300.0,-300.0,-300.0,BC004_2,0.0024721250393969,PTPN11 c.1508G>A,from_control
TET2 c.2908dupA,TET2 c.2906_2908insAA_novel,GTTTT,GTT,0.33809245172615565,,GTGCATCTGACTATGGCAAGACTCA,TGGGGTTGCTGTGTTTGCTGCTGTT,2889.0,-300.0,-300.0,-300.0,BC004_2,1.615472745029448e-08,TET2 c.2908dupA,from_control
IDH1 c.395G>A,IDH1 c.394C>T,ACAA,ACGA,0.1346153846153846,0.077,CTCTGTATTGATCCCCATAAGCATG,CCTATGATGATAGGTTTTACCCATC,70.0,-300.0,-300.0,-16.471356482987346,BC004_2,0.0024721250393969,IDH1 c.395G>A,from_control
RUNX1 c.1103dupC,RUNX1 c.1103dupC,CGGGGCC,CGGGCC,0.07063798035070265,0.084,GGTAGGAGGGCGAGCTGGCTTGGAA,TCCCTGCGCTTGCGACGAGCCGGGG,1136.0,-300.0,-300.0,-257.2030364900732,BC004_2,1.3191615740724871e-05,RUNX1 c.1103dupC,from_control
JAK2 c.1849G>T,JAK2 c.1849G>T,AAC,CAC,0.0256797583081571,0.01,TGAACCAGAATATTCTCGTCTCCACAGA,ATACTCCATAATTTAAAACCAAATGCTTGTGAGAAAGCTTGCTC,102.0,-22.655099720765037,300.0,-17.78379812193873,BC004_2,0.0024721534072314,JAK2 c.1849G>T,from_control
SRSF2 c.284C>G,SRSF2 c.284C>A,GGGTG,GGGGG,0.39791666666666664,0.399,TCCCCGGCGGCTGTGGTGTGAGTCC,GCGGCCGTAGCGCGCCATTTGCACC,191.0,,-213.94456596273074,-52.18280856854622,BC004_2,0.0024721732398877,SRSF2 c.284C>G,from_others
JAK2 c.1849G>T,JAK2 c.1849G>T,AAC,CAC,0.3514583809306222,0.22,TGAACCAGAATATTCTCGTCTCCACAGA,ATACTCCATAATTTAAAACCAAATGCTTGTGAGAAAGCTTGCTC,4615.0,-300.0,300.0,-300.0,BC001_2,0.0024721534072314,JAK2 c.1849G>T,from_control
TP53 c.659A>G,TP53 c.659A>G,CA,TA,0.26881720430107525,0.218,GTCAGAGCCAACCTCAGGCGGCTCA,GGGCACCACCACACTATGTCGAAAA,25.0,-300.0,-300.0,-6.9463813299888955,BC001_2,0.0024721732398877,TP53 c.659A>G,from_control
JAK2 c.1849G>T,JAK2 c.1849G>T,AAC,CAC,0.47586420298824156,0.43,TGAACCAGAATATTCTCGTCTCCACAGA,ATACTCCATAATTTAAAACCAAATGCTTGTGAGAAAGCTTGCTC,10765.0,-300.0,300.0,-300.0,BC012_2,0.0024721534072314,JAK2 c.1849G>T,from_control
CBL c.1259G>A,CBL c.1259G>A,TTGGC,TCGGC,0.08470933072789448,0.048,TGGGTTCAGTACCTTTAATTTCACA,AGAAAGGACAGCCCTGACCTTCTGA,867.0,-300.0,-300.0,-181.822971219453,BC012_2,0.0024721250393969,CBL c.1259G>A,from_control
JAK2 c.1849G>T,JAK2 c.1849G>T,AAC,CAC,0.6236111111111111,0.6,TGAACCAGAATATTCTCGTCTCCACAGA,ATACTCCATAATTTAAAACCAAATGCTTGTGAGAAAGCTTGCTC,449.0,-300.0,-0.07423013066821227,-141.75346994210202,BC009_2,0.0024721534072314,JAK2 c.1849G>T,from_control
JAK2 c.1849G>T,JAK2 c.1849G>T,AAC,CAC,0.6694754009241641,0.6,TGAACCAGAATATTCTCGTCTCCACAGA,ATACTCCATAATTTAAAACCAAATGCTTGTGAGAAAGCTTGCTC,2463.0,-300.0,-9.254136722982906,-300.0,BC008_2,0.0024721534072314,JAK2 c.1849G>T,from_control
IDH1 c.395G>A,IDH1 c.395G>A,ATGA,ACGA,0.5,0.219,CTCTGTATTGATCCCCATAAGCATG,CCTATGATGATAGGTTTTACCCATC,133.0,-300.0,-300.0,-39.22468792457917,BC008_2,0.0024721250393969,IDH1 c.395G>A,from_control
MPL c.1771T>G,MPL c.1771T>G,TCGT,TAGT,0.35348837209302325,0.184,CAGGCAAGAAGGCTGCAATCTTCGG,CCATCTGGGCCTGGGAGGAACACAG,152.0,-300.0,-300.0,-40.54750249230378,BC008_2,0.0024721250393969,MPL c.1771T>G,from_control
JAK2 c.1849G>T,JAK2 c.1849G>T,AAC,CAC,0.8821184510250569,0.52,TGAACCAGAATATTCTCGTCTCCACAGA,ATACTCCATAATTTAAAACCAAATGCTTGTGAGAAAGCTTGCTC,1549.0,-300.0,-113.02727678071687,-300.0,BC002_2,0.0024721534072314,JAK2 c.1849G>T,from_control
NFE2 c.817C>T,NFE2 c.817C>T,CAT,CGT,0.5032626427406199,0.26,CTGGGCTGCCACCTTGTTTTTGCCC,CGTCGGATGTCCCGGACTAGCGCTA,617.0,-300.0,-300.0,-178.2538019015676,BC002_2,0.0024721250393969,NFE2 c.817C>T,from_control
DNMT3A c.2695C>T,DNMT3A c.2695C>T,CAG,CGG,0.08925318761384335,0.15,CTCCTTCAGCGGAGCGAAGAGGTGG,ATGACTGGCACGCTCCATGACCGGC,49.0,,,-11.202290931641727,BC002_2,0.0024721448720532,DNMT3A c.2695C>T_extra,from_edit_dist
JAK2 c.1849G>T,JAK2 c.1849G>T,AAC,CAC,0.40794979079497906,0.68,TGAACCAGAATATTCTCGTCTCCACAGA,ATACTCCATAATTTAAAACCAAATGCTTGTGAGAAAGCTTGCTC,585.0,-300.0,60.93916793852085,-158.4758190977367,BC007_2,0.0024721534072314,JAK2 c.1849G>T,from_control
JAK2 c.1849G>T,JAK2 c.1849G>T,AAC,CAC,0.9694642287658127,0.95,TGAACCAGAATATTCTCGTCTCCACAGA,ATACTCCATAATTTAAAACCAAATGCTTGTGAGAAAGCTTGCTC,36479.0,-300.0,-300.0,-300.0,BC013_2,0.0024721534072314,JAK2 c.1849G>T,from_control
TET2 c.685dupA,TET2 c.685dupA,GTTT,GTT,0.08333731771455893,0.1,ACAATCTGGATAATATTGAGACAGT,TTTTCCAGGAGTTCACCATGTGTGT,1743.0,-11.132434961155184,-42.530858626718214,-300.0,BC013_2,0.0033718935883874,TET2 c.685dupA,from_control
ZRSR2 c.884G>C,ZRSR2 c.884G>C,GTGGT,GTCGT,0.029408068367475178,0.016,ACGGGGCAGAATTCACACTGCAGCT,CCTGCATACCATCGTCCGTTAAACA,234.0,-34.179664478329016,-300.0,-41.19283258735206,BC013_2,0.0024721250393969,ZRSR2 c.884G>C,from_control
TET2 c.4249G>T,TET2 c.4249G>T,AAGT,ACGT,0.01268591426071741,0.04,GTCAGAGACTTTGTATAAAGGCAGA,GAAGCTGCTCATCCTCAGGTTTTCC,145.0,-34.480258824994166,-300.0,-18.26507609909703,BC013_2,0.0024721250393969,TET2 c.4249G>T,from_control
KRAS c.173C>T,KRAS c.173C>T,CTAT,CTGT,0.008698593727347412,0.029,ATTGCACTGTACTCCTCTTGACCTG,GTCGAGAATATCCAAGAGACAGGTT,180.0,-28.918716870045188,-92.35758669263896,-16.715615945747402,BC013_2,0.0024721250393969,KRAS c.173C>T,from_control
IDH2 c.418C>T,IDH2 c.419G>A,TGGAT,CGGAT,0.036394456922490145,0.042,GAAGACAGTCCCCCCCAGGATGTTC,AGTTCCATTGGGACTTTTCCACATC,4294.0,,-300.0,-300.0,BC013_2,0.0024721250393969,IDH2 c.418C>T,from_others
JAK2 c.1849G>T,JAK2 c.1849G>T,AAC,CAC,0.9498720324772747,0.96,TGAACCAGAATATTCTCGTCTCCACAGA,ATACTCCATAATTTAAAACCAAATGCTTGTGAGAAAGCTTGCTC,10763.0,-300.0,-300.0,-300.0,BC006_2,0.0024721534072314,JAK2 c.1849G>T,from_control
DNMT3A c.2644C>T,DNMT3A c.2644C>T,CAGCT,CGGCT,0.509114797175234,0.485,GCCCAGCAGTCTCTGCCTCGCCAAG,CATGTTGGAGACGTCAGTATAGTGG,9300.0,-300.0,-300.0,-300.0,BC006_2,0.0024721250393969,DNMT3A c.2644C>T,from_control
ASXL1 c.2535del,ASXL1 c.2535del,CTG,CTGG,0.45486935866983375,0.46,AGTCGGTGAGGATTCAGGTGTGGAA,GGGTCACATTTACAGGATCCTTCAT,383.0,-299.9999999913326,-300.0,-106.45385877794115,BC006_2,0.004165039873879,ASXL1 c.2535del,from_control
SETBP1 c.2602G>A,SETBP1 c.2602G>A,TTGC,TCGC,0.34654731457800514,0.416,GTTGTTGTCTGTCCCAATGCCGCTG,TGGGGATCGTCTCCTCACTGTGGGA,271.0,-138.9862364219722,-300.0,-71.12889861553214,BC006_2,0.0024721250393969,SETBP1 c.2602G>A,from_control
JAK2 c.731A>G,JAK2 c.731A>G,GGCTCT,GGCTTT,0.969581242506328,0.961,ACTTAAGTTTCAAGTTTCTGGCAGT,GCATTGGCTGAATTGCTGAATAAAT,21834.0,-300.0,-300.0,-300.0,BC011_2,0.0024721250393969,JAK2 c.731A>G,from_control
JAK2 c.1849G>T,JAK2 c.1849G>T,AAC,CAC,0.9539995844587575,0.93,TGAACCAGAATATTCTCGTCTCCACAGA,ATACTCCATAATTTAAAACCAAATGCTTGTGAGAAAGCTTGCTC,22958.0,-300.0,-300.0,-300.0,BC011_2,0.0024721534072314,JAK2 c.1849G>T,from_control
SF3B1 c.1998G>T,SF3B1 c.1998G>T,ATAT,ATCT,0.5148514851485149,0.452,CATAAGAATAGCTATCTGTTGTACA,TAATACCAGTGTGTCTCGCTTGCCA,5304.0,-300.0,-300.0,-300.0,BC011_2,0.0024721250393969,SF3B1 c.1998G>T,from_control
JAK2 c.892T>C,JAK2 c.892T>C,CGCT,CACT,0.018367840167566263,0.009,ACTTTCTTTATGTTTCCCTCTTGAC,GAATTCCACCGTTTCCAGTTATTAT,456.0,-73.407474834602,-300.0,-67.39110872109131,BC011_2,0.0024721250393969,JAK2 c.892T>C,from_control
JAK2 c.1849G>T,JAK2 c.1849G>T,AAC,CAC,0.6146796431467965,0.5,TGAACCAGAATATTCTCGTCTCCACAGA,ATACTCCATAATTTAAAACCAAATGCTTGTGAGAAAGCTTGCTC,7579.0,-300.0,0.6669899655487939,-300.0,BC014_2,0.0024721534072314,JAK2 c.1849G>T,from_control
SF3B1 c.2098A>G,SF3B1 c.2098A>G,CTTCCT,CTTTCT,0.506539164674448,0.385,ATGGCCAAAGCACTGATGGTCCGAA,GCTGCTCATCCACAAGACCATGTTC,7204.0,-300.0,-300.0,-300.0,BC014_2,0.0024721250393969,SF3B1 c.2098A>G,from_control
TET2 c.2790_2791del,TET2 c.2790_2791del,GA,GGCA,0.4024390243902439,0.386,CTGAGTGTGACTTCCTCCCTGGTCA,CAGGAAAAACATTTGCATGGTTATG,66.0,-62.16529801830666,-300.0,-19.003465443322,BC014_2,2.069870466957753e-06,TET2 c.2790_2791del,from_control
NFE2 c.817C>T,NFE2 c.817C>T,CAT,CGT,0.05,0.037,CTGGGCTGCCACCTTGTTTTTGCCC,CGTCGGATGTCCCGGACTAGCGCTA,201.0,-92.97874012356874,-88.6254308994657,-39.817121512275236,BC014_2,0.0024721250393969,NFE2 c.817C>T,from_control
NFE2 c.137dupC,NFE2 c.137dupC,TGGGCT,TGGCT,0.14193466700430488,0.079,GAGCTGGGGCTTGGGGCTCAAATGA,CACTTGGAGCATTCAGACCCTGCAG,1121.0,,-300.0,-263.6304655898651,BC014_2,4.706846455132084e-06,NFE2 c.137dupC,from_others
JAK2 c.1849G>T,JAK2 c.1849G>T,AAC,CAC,0.7719298245614035,0.86,TGAACCAGAATATTCTCGTCTCCACAGA,ATACTCCATAATTTAAAACCAAATGCTTGTGAGAAAGCTTGCTC,1056.0,-300.0,-30.339755019206592,-300.0,BC003_2,0.0024721534072314,JAK2 c.1849G>T,from_control
TET2 c.4021dupG,TET2 c.4021dupG,GCCA,GCA,0.08012820512820513,0.355,AATCTGATTATTATATGCATCAGGT,AGTTTCTTATATGTTGGTGCCATAA,25.0,-286.6034463370655,-300.0,-6.473625910231988,BC003_2,1.3191615740724871e-05,TET2 c.4021dupG,from_control
EZH2 c.453_455del,EZH2 c.453_455del,ATTTAT,ATTTTTTAT,0.06666666666666667,0.31,TATCCCCGTGTACTTTCCCATCATA,TAGTTCTTCAATGAAAGTACCATCC,7.0,-70.18226002916583,-126.69776447062605,,BC003_2,,EZH2 c.453_455del,from_control
TP53 c.524G>A,TP53 c.523C>G,GCAGCC,GCAGCG,0.09090909090909091,0.022,TATCTGAGCAGCGCTCATGGTGGGG,CCTCACAACCTCCGTCATGTGCTGT,1.0,,-25.92508206053202,-0.4873502012256665,BC003_2,0.0024721250393969,TP53 c.524G>A,from_others
NFE2 c.190_194del,NFE2 c.190_194del,CAG,CAGTAAGT,0.01788617886178862,0.035,AGAATCTGGGTGGATTGAGCAGGGG,TGTGGGTGGTGGAGGTCCAAGGTAT,11.0,,-300.0,,BC003_2,,NFE2 c.190_194del,from_others
JAK2 c.1849G>T,JAK2 c.1849G>T,AAC,CAC,0.7592272677415817,0.64,TGAACCAGAATATTCTCGTCTCCACAGA,ATACTCCATAATTTAAAACCAAATGCTTGTGAGAAAGCTTGCTC,55375.0,-300.0,-300.0,-300.0,BC003_4plex,0.0024721534072314,JAK2 c.1849G>T,from_control
ASXL1 c.1934dupG,ASXL1 c.1934dupG,CCCC,CCC,0.0748663101604278,0.26,ATCGGTGGCCCCGCCGCCACCTCCACCCGGGCCA,CCCCCTCCGATGGCAGTGGTGGCC,14.0,-13.872991784558508,-11.227742161192282,-3.2254190715239304,BC003_4plex,0.0052351021143565,ASXL1 c.1934dupG,from_control
TET2 c.685dupA,TET2 c.685dupA,TGTTT,TGTT,0.20524151476094027,0.32,CACAATCTGGATAATATTGAGACAG,TTTTCCAGGAGTTCACCATGTGTGT,3344.0,,-300.0,-300.0,BC003_4plex,0.0033671867419323,TET2 c.685dupA,from_others
JAK2 c.1849G>T,JAK2 c.1849G>T,AAC,CAC,0.8847510780086241,0.73,TGAACCAGAATATTCTCGTCTCCACAGA,ATACTCCATAATTTAAAACCAAATGCTTGTGAGAAAGCTTGCTC,2257.0,-300.0,-167.16489277585003,-300.0,BC004_4plex,0.0024721534072314,JAK2 c.1849G>T,from_control
TET2 c.3532G>A,TET2 c.3532G>A_novel,TCTTTTA,TCTTTCA,0.4017467248908297,,TGCCTTCTTTACCAGTATAGATGAC,ATCCTAATAGCTTTACCCTTCTGTC,184.0,,-300.0,-50.43640728614346,BC004_4plex,0.0024721250393969,TET2 c.3532G>A,from_others
IDH2 c.419G>A,IDH2 c.419G>A,CTGGAT,CCGGAT,0.42258705735110064,0.36,GGAAGACAGTCCCCCCCAGGATGTT,AGTTCCATTGGGACTTTTCCACATC,22960.0,-300.0,-300.0,-300.0,BC002_4plex,0.0024721250393969,IDH2 c.419G>A,from_control
JAK2 c.1849G>T,JAK2 c.1849G>T,AAC,CAC,0.40771128001208035,0.39,TGAACCAGAATATTCTCGTCTCCACAGA,ATACTCCATAATTTAAAACCAAATGCTTGTGAGAAAGCTTGCTC,8100.0,-300.0,300.0,-300.0,BC002_4plex,0.0024721534072314,JAK2 c.1849G>T,from_control
ASXL1 c.1934dupG,ASXL1 c.1934dupG,CCCC,CCC,0.14285714285714285,0.36,ATCGGTGGCCCCGCCGCCACCTCCACCCGGGCCA,CCCCCTCCGATGGCAGTGGTGGCC,17.0,-30.11778393398339,-30.699148391812855,-4.298300232439942,BC002_4plex,0.0052351021143565,ASXL1 c.1934dupG,from_control
U2AF1 c.470A>G,U2AF1 c.470A>G,CTCATACC,CTCATACT,0.3198084314813673,0.41,AGCCGCCTCGTGTGCATTCTCCCAT,GACGGCAGCAGGCTTCTCTGAAGTC,15559.0,,-300.0,-300.0,BC002_4plex,0.0024721250393969,U2AF1 c.470A>G,from_others
JAK2 c.1849G>T,JAK2 c.1849G>T,AAC,CAC,0.5043478260869565,0.52,TGAACCAGAATATTCTCGTCTCCACAGA,ATACTCCATAATTTAAAACCAAATGCTTGTGAGAAAGCTTGCTC,5104.0,-300.0,128.9085151907657,-300.0,BC001_4plex,0.0024721534072314,JAK2 c.1849G>T,from_control
JAK2 c.1849G>T,JAK2 c.1849G>T,AAC,CAC,0.8180053609390886,0.8,TGAACCAGAATATTCTCGTCTCCACAGA,ATACTCCATAATTTAAAACCAAATGCTTGTGAGAAAGCTTGCTC,8850.0,-300.0,-300.0,-300.0,BC001_1plex,0.0024721534072314,JAK2 c.1849G>T,from_control
