probe_idx,gapfill,GTTTT,AAC,TTGGC,TTGC,TGA,GTT,TAA,AGT,TTCA,GGCTTT,CACT,TA,ATG,TCGC,CCGGAT,ATA,CGGCT,AGTAAGT,CA,GGAC,ACTG,GGCA,ACGA,CAGTAAGT,CAC,TAGT,,GGCTCT,CTG,GAGTAGTT,CAGA,CTGGAT,AAT,TCCC,TTCCC,GGACA,CGT,GAAC,CGGA,GCCA,CAGCT,ATGA,GAAGTAGTT,TACGC,TCGT,GGGGAGT,GAGCC,CGGGGCC,TCCA,GCA,ATAT,TACT,TCTC,GA,CCTT,CGCT,CTGG,CTTCCT,GGGGACCGT,GGATA,TATGC,CAT,TGCT,CTTTCT,TCGGC,CCT,ACGG,CCC,CCACT,ACCT,CCAGT,ATCT,CCGACAATT,CGGGCC,GAGC,CCCC
2,ACCT,,,,,,,,,,,,,,,,,,,,,,,,,,,,,,,,,,,,,,,,,,,,,,,,,,,,,,,,,,,,,,,,,,,,,,0.9810645848898527,,0.002472125039396936,,,,
14,CGT,,,,,,,,,,,,,,,,,,,,,,,,,,,,,,,,,,,,,0.9810645848898527,,,,,,,,,,,,,,,,,,,,,,,,,0.002472125039396936,,,,,,,,,,,,,,
38,TGCT,,,,,,,,,,,,,,,,,,,,,,,,,,,,,,,,,,,,,,,,,,,,,,,,,,,,0.002472125039396936,,,,,,,,,,,0.9810645848898527,,,,,,,,,,,,,
1,CCGGAT,,,,,,,,,,,,,,,0.9810645848898527,,,,,,,,,,,,,,,,,0.002472125039396936,,,,,,,,,,,,,,,,,,,,,,,,,,,,,,,,,,,,,,,,,,,,
13,GGACA,,,,,,,,,,,,,,,,,,,,,,,,,,,,,,,,,,,,0.9810645848898527,,,,,,,,,,,,,,,,,,,,,,,,0.002472125039396936,,,,,,,,,,,,,,,,
21,TTGGC,,,0.9810645848898527,,,,,,,,,,,,,,,,,,,,,,,,,,,,,,,,,,,,,,,,,,,,,,,,,,,,,,,,,,,,,,0.002472125039396936,,,,,,,,,,,
40,CTTTCT,,,,,,,,,,,,,,,,,,,,,,,,,,,,,,,,,,,,,,,,,,,,,,,,,,,,,,,,,,0.002472125039396936,,,,,,0.9810645848898527,,,,,,,,,,,,
46,TGA,,,,,0.9810645848898527,,0.0024721448720532633,,,,,,,,,,,,,,,,,,,,,,,,,,,,,,,,,,,,,,,,,,,,,,,,,,,,,,,,,,,,,,,,,,,,,
47,GGAC,,,,,,,,,,,,,,,,,,,,0.9810645848898527,,,,,,,,,,,,,,,,,,0.0024721448720532633,,,,,,,,,,,,,,,,,,,,,,,,,,,,,,,,,,,,,,
52,CGGA,,,,,,,,,,,,,,,,,,,,,,,,,,,,,,,0.002472125039396936,,,,,,,,0.9810645848898527,,,,,,,,,,,,,,,,,,,,,,,,,,,,,,,,,,,,,
55,CCTT,,,,,,,,,,,,,,,,,,,,,,,,,,,,,,,,,,,,,,,,,,,,,,,,,,,,,,,0.9810646330903435,,,,,,,,,,,,,,,,,,1e-09,,,
56,CGGGCC,,,,,,,,,,,,,,,,,,,,,,,,,,,,,,,,,,,,,,,,,,,,,,,,1.8681748455579722e-05,,,,,,,,,,,,,,,,,,,,,,,,,,0.9810645848898527,,
15,GAAGTAGTT,,,,,,,,,,,,,,,,,,,,,,,,,,,,,,4.706846455132084e-06,,,,,,,,,,,,,0.9810645848898527,,,,,,,,,,,,,,,,,,,,,,,,,,,,,,,,,
17,GGCTTT,,,,,,,,,,0.9810645848898527,,,,,,,,,,,,,,,,,,0.002472125039396936,,,,,,,,,,,,,,,,,,,,,,,,,,,,,,,,,,,,,,,,,,,,,,,,
19,AAT,,,,,,,,0.0024721448720532633,,,,,,,,,,,,,,,,,,,,,,,,,0.9810646330903435,,,,,,,,,,,,,,,,,,,,,,,,,,,,,,,,,,,,,,,,,,,
20,ACTG,,,,,,,,,,,,,,,,,,,,,0.9810645848898527,,,,,,,,,,,,,,,,,,,,,,,,,,,,,,,,,,,,,,,,,,,,,,0.002472125039396936,,,,,,,,,
26,ACA,,,,,,,,,,,,,,,,,,,,,,,,,,,,,,,,,,,,,,,,8.265261159537971e-06,,,,,,,,,,0.002472125039396936,,,,,,,,,,,,,,,,,,,,,,,,,,
31,GTT,0.00052697376811642,,,,,0.9810646330903435,,,,,,,,,,,,,,,,,,,,,,,,,,,,,,,,,,,,,,,,,,,,,,,,,,,,,,,,,,,,,,,,,,,,,,
50,TCCC,,,,,,,,,,,,,,,,,,,,,,,,,,,,,,,,,,0.9810646330903435,,,,,,,,,,,,,,,,,,,0.002472125039396936,,,,,,,,,,,,,,,,,,,,,,,
51,TCGGC,,,0.002472125039396936,,,,,,,,,,,,,,,,,,,,,,,,,,,,,,,,,,,,,,,,,,,,,,,,,,,,,,,,,,,,,,0.9810645848898527,,,,,,,,,,,
55,CCTCATCCTCATCTTTGTCCTCATCATCCTCCTT,,,,,,,,,,,,,,,,,,,,,,,,,,,,,,,,,,,,,,,,,,,,,,,,,,,,,,,1e-09,,,,,,,,,,,,,,,,,,1e-09,,,
25,CCACT,,,,,,,,,,,,,,,,,,,,,,,,,,,,,,,,,,,,,,,,,,,,,,,,,,,,,,,,,,,,,,,,,,,,,0.9810645848898527,,0.002472125039396936,,,,,
10,TCCA,,,,,,,,,0.0024721534072314534,,,,,,,,,,,,,,,,,,,,,,,,,,,,,,,,,,,,,,,,0.9810645848898527,,,,,,,,,,,,,,,,,,,,,,,,,,,
30,TACGC,,,,,,,,,,,,,,,,,,,,,,,,,,,,,,,,,,,,,,,,,,,,0.9810645848898527,,,,,,,,,,,,,,,,,0.002472125039396936,,,,,,,,,,,,,,,
42,ATCT,,,,,,,,,,,,,,,,,,,,,,,,,,,,,,,,,,,,,,,,,,,,,,,,,,,0.002472125039396936,,,,,,,,,,,,,,,,,,,,,0.9810645848898527,,,,
49,GAGCC,,,,,,,,,,,,,,,,,,,,,,,,,,,,,,,,,,,,,,,,,,,,,,,0.9810645848898527,,,,,,,,,,,,,,,,,,,,,,,,,,,,0.0033671867419323145,
11,CACT,,,,,,,,,,,0.9810645848898527,,,,,,,,,,,,,,,,,,,,,,,,,,,,,,,,,,,,,,,,,,,,,0.002472125039396936,,,,,,,,,,,,,,,,,,,,
43,AGTAAGTT,,,,,,,,,,,,,,,,,,0.0033671867419323145,,,,,,1.13428988623959e-05,,,,,,,,,,,,,,,,,,,,,,,,,,,,,,,,,,,,,,,,,,,,,,,,,,,,
1,CTGGAT,,,,,,,,,,,,,,,0.002472125039396936,,,,,,,,,,,,,,,,,0.9810645848898527,,,,,,,,,,,,,,,,,,,,,,,,,,,,,,,,,,,,,,,,,,,,
8,TAGT,,,,,,,,,,,,,,,,,,,,,,,,,,0.9810645848898527,,,,,,,,,,,,,,,,,,,0.002472125039396936,,,,,,,,,,,,,,,,,,,,,,,,,,,,,,,
31,GTTT,0.004173310123498309,,,,,0.0033718935883874468,,,,,,,,,,,,,,,,,,,,,,,,,,,,,,,,,,,,,,,,,,,,,,,,,,,,,,,,,,,,,,,,,,,,,,
25,CCAGT,,,,,,,,,,,,,,,,,,,,,,,,,,,,,,,,,,,,,,,,,,,,,,,,,,,,,,,,,,,,,,,,,,,,,0.002472125039396936,,0.9810645848898527,,,,,
0,AAC,,0.9810646330903435,,,,,,,,,,,,,,,,,,,,,,,0.0024721534072314534,,,,,,,,,,,,,,,,,,,,,,,,,,,,,,,,,,,,,,,,,,,,,,,,,,,
39,GGGGAGT,,,,,,,,,,,,,,,,,,,,,,,,,,,,,,,,,,,,,,,,,,,,,,0.9810645848898527,,,,,,,,,,,,,1e-09,,,,,,,,,,,,,,,,,
6,CGGCT,,,,,,,,,,,,,,,,,0.9810645848898527,,,,,,,,,,,,,,,,,,,,,,,,0.002472125039396936,,,,,,,,,,,,,,,,,,,,,,,,,,,,,,,,,,,
26,GCA,,,,,,,,,,,,,,,,,,,,,,,,,,,,,,,,,,,,,,,,1.8681748455579722e-05,,,,,,,,,,0.9810645848898527,,,,,,,,,,,,,,,,,,,,,,,,,,
21,TTGC,,,1.8681748455579722e-05,,,,,,,,,,,,,,,,,,,,,,,,,,,,,,,,,,,,,,,,,,,,,,,,,,,,,,,,,,,,,,1e-09,,,,,,,,,,,
55,CCGACAATT,,,,,,,,,,,,,,,,,,,,,,,,,,,,,,,,,,,,,,,,,,,,,,,,,,,,,,,1e-09,,,,,,,,,,,,,,,,,,0.9810645848898527,,,
2,CCCT,,,,,,,,,,,,,,,,,,,,,,,,,,,,,,,,,,,,,,,,,,,,,,,,,,,,,,,,,,,,,,,,,,,,,,0.0024721534072314534,,1e-09,,,,
55,CCTC,,,,,,,,,,,,,,,,,,,,,,,,,,,,,,,,,,,,,,,,,,,,,,,,,,,,,,,0.0024721534072314534,,,,,,,,,,,,,,,,,,1e-09,,,
28,CGT,,,,,,,,,,,,,,,,,,,,,,,,,,,,,,,,,,,,,0.9810645848898527,,,,,,,,,,,,,,,,,,,,,,,,,,,,,0.0024721534072314534,,,,,,,,,,
88,TTACC,,,,,,,,,,,,,,,,,,,,,,,,,,,1e-09,,,,,,,,0.0024721448720532633,,,,,,,,,,,,,,,,,,,,,,,,,,,,,,,,,,,,,,,,,
25,CAGT,,,,,,,,,,,,,,,,,,,,,,,,,,,,,,,,,,,,,,,,,,,,,,,,,,,,,,,,,,,,,,,,,,,,,8.265261159537971e-06,,0.003304870569043036,,,,,
30,TAGC,,,,,,,,,,,,,,,,,,,,,,,,,,,,,,,,,,,,,,,,,,,,1e-09,,,,,,,,,,,,,,,,,1e-09,,,,,,,,,,,,,,,
55,CTT,,,,,,,,,,,,,,,,,,,,,,,,,,,,,,,,,,,,,,,,,,,,,,,,,,,,,,,0.0033152895578053366,,,,,,,,,,,,,,,,,,1e-09,,,
31,TTT,0.00030894489610030064,,,,,0.0024834877709156585,,,,,,,,,,,,,,,,,,,,,,,,,,,,,,,,,,,,,,,,,,,,,,,,,,,,,,,,,,,,,,,,,,,,,,
4,ATG,,,,,,,,,,,,,0.9810645848898527,,,0.002472125039396936,,,,,,,,,,,,,,,,,,,,,,,,,,,,,,,,,,,,,,,,,,,,,,,,,,,,,,,,,,,,
36,CTGG,,,,,,,,,,,,,,,,,,,,,,,,,,,,,0.0033671867419323145,,,,,,,,,,,,,,,,,,,,,,,,,,,,0.9810645848898527,,,,,,,,,,,,,,,,,,,
55,TCTT,,,,,,,,,,,,,,,,,,,,,,,,,,,,,,,,,,,,,,,,,,,,,,,,,,,,,,,0.0024721448720532633,,,,,,,,,,,,,,,,,,1e-09,,,
0,CAC,,0.0024721448720532633,,,,,,,,,,,,,,,,,,,,,,,0.9810645848898527,,,,,,,,,,,,,,,,,,,,,,,,,,,,,,,,,,,,,,,,,,,,,,,,,,,
28,GT,,,,,,,,,,,,,,,,,,,,,,,,,,,,,,,,,,,,,0.0033048755575028044,,,,,,,,,,,,,,,,,,,,,,,,,,,,,8.270249619306611e-06,,,,,,,,,,
40,CTTCCT,,,,,,,,,,,,,,,,,,,,,,,,,,,,,,,,,,,,,,,,,,,,,,,,,,,,,,,,,,0.9810645848898527,,,,,,0.002472125039396936,,,,,,,,,,,,
2,T,,,,,,,,,,,,,,,,,,,,,,,,,,,,,,,,,,,,,,,,,,,,,,,,,,,,,,,,,,,,,,,,,,,,,,7.438153402898071e-09,,1.775494534570045e-06,,,,
13,GGACC,,,,,,,,,,,,,,,,,,,,,,,,,,,,,,,,,,,,0.002472125039396936,,,,,,,,,,,,,,,,,,,,,,,,1e-09,,,,,,,,,,,,,,,,
35,TCGC,,,,0.002472125039396936,,,,,,,,,,0.9810645848898527,,,,,,,,,,,,,,,,,,,,,,,,,,,,,,,,,,,,,,,,,,,,,,,,,,,,,,,,,,,,,,
1,CCGGGT,,,,,,,,,,,,,,,0.002472125039396936,,,,,,,,,,,,,,,,,1e-09,,,,,,,,,,,,,,,,,,,,,,,,,,,,,,,,,,,,,,,,,,,,
10,CCCA,,,,,,,,,1e-09,,,,,,,,,,,,,,,,,,,,,,,,,,,,,,,,,,,,,,,,0.0024721534072314534,,,,,,,,,,,,,,,,,,,,,,,,,,,
52,GGA,,,,,,,,,,,,,,,,,,,,,,,,,,,,,,,8.270249619306611e-06,,,,,,,,0.003304873070509295,,,,,,,,,,,,,,,,,,,,,,,,,,,,,,,,,,,,,
55,CCTCATCCTCATCTTTGTCCTCATCATCCTCCTTGTCCTCTGCT,,,,,,,,,,,,,,,,,,,,,,,,,,,,,,,,,,,,,,,,,,,,,,,,,,,,,,,1e-09,,,,,,,,,,,,,,,,,,1e-09,,,
10,,,,,,,,,,1.574470128535472e-07,,,,,,,,,,,,,,,,,,,,,,,,,,,,,,,,,,,,,,,,1.5744701285354722e-07,,,,,,,,,,,,,,,,,,,,,,,,,,,
51,CCGGC,,,1e-09,,,,,,,,,,,,,,,,,,,,,,,,,,,,,,,,,,,,,,,,,,,,,,,,,,,,,,,,,,,,,,0.002472125039396936,,,,,,,,,,,
40,CTTCT,,,,,,,,,,,,,,,,,,,,,,,,,,,,,,,,,,,,,,,,,,,,,,,,,,,,,,,,,,1.0416487296041751e-05,,,,,,8.265261159537971e-06,,,,,,,,,,,,
1,CGGAT,,,,,,,,,,,,,,,0.003304870569043036,,,,,,,,,,,,,,,,,8.265261159537971e-06,,,,,,,,,,,,,,,,,,,,,,,,,,,,,,,,,,,,,,,,,,,,
33,GGCA,,,,,,,,,,,,,,,,,,,,,,0.9810645848898527,,,,,,,,,,,,,,,,,,,,,,,,,,,,,,,,1.615472745029448e-08,,,,,,,,,,,,,,,,,,,,,,
55,CCTCTTCCTCATCTTTGTCCTCATCATCCTCCTT,,,,,,,,,,,,,,,,,,,,,,,,,,,,,,,,,,,,,,,,,,,,,,,,,,,,,,,1e-09,,,,,,,,,,,,,,,,,,1e-09,,,
5,ACGA,,,,,,,,,,,,,,,,,,,,,,,0.9810645848898527,,,,,,,,,,,,,,,,,,,0.002472125039396936,,,,,,,,,,,,,,,,,,,,,,,,,,,,,,,,,,
3,TA,,,,,,,,,,,,0.9810646330903435,,,,,,,0.0024721732398877805,,,,,,,,,,,,,,,,,,,,,,,,,,,,,,,,,,,,,,,,,,,,,,,,,,,,,,,,,
21,TTGAC,,,0.002472125039396936,,,,,,,,,,,,,,,,,,,,,,,,,,,,,,,,,,,,,,,,,,,,,,,,,,,,,,,,,,,,,,1e-09,,,,,,,,,,,
10,TCCAA,,,,,,,,,8.48476928559279e-06,,,,,,,,,,,,,,,,,,,,,,,,,,,,,,,,,,,,,,,,0.0033671867419323145,,,,,,,,,,,,,,,,,,,,,,,,,,,
55,T,,,,,,,,,,,,,,,,,,,,,,,,,,,,,,,,,,,,,,,,,,,,,,,,,,,,,,,1.2507234819458367e-06,,,,,,,,,,,,,,,,,,1e-09,,,
51,CCGAC,,,1e-09,,,,,,,,,,,,,,,,,,,,,,,,,,,,,,,,,,,,,,,,,,,,,,,,,,,,,,,,,,,,,,1e-09,,,,,,,,,,,
10,TCA,,,,,,,,,0.003304870569043036,,,,,,,,,,,,,,,,,,,,,,,,,,,,,,,,,,,,,,,,1.8681748455579722e-05,,,,,,,,,,,,,,,,,,,,,,,,,,,
55,GTATCACT,,,,,,,,,,,,,,,,,,,,,,,,,,,,,,,,,,,,,,,,,,,,,,,,,,,,,,,1e-09,,,,,,,,,,,,,,,,,,1e-09,,,
42,ACT,,,,,,,,,,,,,,,,,,,,,,,,,,,,,,,,,,,,,,,,,,,,,,,,,,,4.98845976863857e-09,,,,,,,,,,,,,,,,,,,,,8.26774815304775e-06,,,,
20,ATG,,,,,,,,,,,,,,,,,,,,,8.265261159537971e-06,,,,,,,,,,,,,,,,,,,,,,,,,,,,,,,,,,,,,,,,,,,,,,1.0416487296041751e-05,,,,,,,,,
30,TACCC,,,,,,,,,,,,,,,,,,,,,,,,,,,,,,,,,,,,,,,,,,,,0.002472125039396936,,,,,,,,,,,,,,,,,1e-09,,,,,,,,,,,,,,,
55,CTTT,,,,,,,,,,,,,,,,,,,,,,,,,,,,,,,,,,,,,,,,,,,,,,,,,,,,,,,0.0024834679382593314,,,,,,,,,,,,,,,,,,1e-09,,,
40,CTTTCA,,,,,,,,,,,,,,,,,,,,,,,,,,,,,,,,,,,,,,,,,,,,,,,,,,,,,,,,,,1e-09,,,,,,0.002472125039396936,,,,,,,,,,,,
47,GAC,,,,,,,,,,,,,,,,,,,,0.003304870569043036,,,,,,,,,,,,,,,,,,1.8681748455579722e-05,,,,,,,,,,,,,,,,,,,,,,,,,,,,,,,,,,,,,,
49,GCC,,,,,,,,,,,,,,,,,,,,,,,,,,,,,,,,,,,,,,,,,,,,,,,0.00029360887694812653,,,,,,,,,,,,,,,,,,,,,,,,,,,,1.0077174663117265e-06,
40,CATTCT,,,,,,,,,,,,,,,,,,,,,,,,,,,,,,,,,,,,,,,,,,,,,,,,,,,,,,,,,,1e-09,,,,,,0.002472125039396936,,,,,,,,,,,,
30,TACAC,,,,,,,,,,,,,,,,,,,,,,,,,,,,,,,,,,,,,,,,,,,,0.002472125039396936,,,,,,,,,,,,,,,,,1e-09,,,,,,,,,,,,,,,
10,TCCC,,,,,,,,,2.836783451736667e-08,,,,,,,,,,,,,,,,,,,,,,,,,,,,,,,,,,,,,,,,0.0024721448720532633,,,,,,,,,,,,,,,,,,,,,,,,,,,
55,CATT,,,,,,,,,,,,,,,,,,,,,,,,,,,,,,,,,,,,,,,,,,,,,,,,,,,,,,,0.0024721534072314534,,,,,,,,,,,,,,,,,,1e-09,,,
1,CAGGAT,,,,,,,,,,,,,,,0.002472125039396936,,,,,,,,,,,,,,,,,0.002472125039396936,,,,,,,,,,,,,,,,,,,,,,,,,,,,,,,,,,,,,,,,,,,,
2,CCT,,,,,,,,,,,,,,,,,,,,,,,,,,,,,,,,,,,,,,,,,,,,,,,,,,,,,,,,,,,,,,,,,,,,,,0.003304873070509295,,8.270249619306611e-06,,,,
21,TTGGA,,,0.002472125039396936,,,,,,,,,,,,,,,,,,,,,,,,,,,,,,,,,,,,,,,,,,,,,,,,,,,,,,,,,,,,,,1e-09,,,,,,,,,,,
55,CCT,,,,,,,,,,,,,,,,,,,,,,,,,,,,,,,,,,,,,,,,,,,,,,,,,,,,,,,0.00417330762203205,,,,,,,,,,,,,,,,,,1e-09,,,
26,GCG,,,,,,,,,,,,,,,,,,,,,,,,,,,,,,,,,,,,,,,,1.0416487296041751e-05,,,,,,,,,,0.002472125039396936,,,,,,,,,,,,,,,,,,,,,,,,,,
7,CCC,,,,,,,,,,,,,,,,,,,,,,,,,,,,,,,,,,,,,,,,,,,,,,,,,,,,,,,,,,,,,,,,,,,,0.9810838578904912,,,,,,,,0.007471920047497374
55,CG,,,,,,,,,,,,,,,,,,,,,,,,,,,,,,,,,,,,,,,,,,,,,,,,,,,,,,,1.3410424734571233e-06,,,,,,,,,,,,,,,,,,1e-09,,,
20,ATT,,,,,,,,,,,,,,,,,,,,,1.0416487296041751e-05,,,,,,,,,,,,,,,,,,,,,,,,,,,,,,,,,,,,,,,,,,,,,,1e-09,,,,,,,,,
14,,,,,,,,,,,,,,,,,,,,,,,,,,,,,,,,,,,,,,3.0187798631129833e-06,,,,,,,,,,,,,,,,,,,,,,,,,3.0187798631129837e-06,,,,,,,,,,,,,,
21,ATGGC,,,0.002472125039396936,,,,,,,,,,,,,,,,,,,,,,,,,,,,,,,,,,,,,,,,,,,,,,,,,,,,,,,,,,,,,,1e-09,,,,,,,,,,,
42,ACCT,,,,,,,,,,,,,,,,,,,,,,,,,,,,,,,,,,,,,,,,,,,,,,,,,,,1e-09,,,,,,,,,,,,,,,,,,,,,0.002472125039396936,,,,
10,TCCAT,,,,,,,,,8.48476928559279e-06,,,,,,,,,,,,,,,,,,,,,,,,,,,,,,,,,,,,,,,,0.0033671867419323145,,,,,,,,,,,,,,,,,,,,,,,,,,,
10,TCCT,,,,,,,,,2.836783451736667e-08,,,,,,,,,,,,,,,,,,,,,,,,,,,,,,,,,,,,,,,,0.002472125039396936,,,,,,,,,,,,,,,,,,,,,,,,,,,
52,CAGA,,,,,,,,,,,,,,,,,,,,,,,,,,,,,,,0.9810645848898527,,,,,,,,0.002472125039396936,,,,,,,,,,,,,,,,,,,,,,,,,,,,,,,,,,,,,
55,CCTCATCCTCATCTTT,,,,,,,,,,,,,,,,,,,,,,,,,,,,,,,,,,,,,,,,,,,,,,,,,,,,,,,1e-09,,,,,,,,,,,,,,,,,,1e-09,,,
49,GAGC,,,,,,,,,,,,,,,,,,,,,,,,,,,,,,,,,,,,,,,,,,,,,,,0.004165039873879004,,,,,,,,,,,,,,,,,,,,,,,,,,,,0.9810645848898527,
25,CACT,,,,,,,,,,,,,,,,,,,,,,,,,,,,,,,,,,,,,,,,,,,,,,,,,,,,,,,,,,,,,,,,,,,,,0.003304870569043036,,8.265261159537971e-06,,,,,
56,CGGACC,,,,,,,,,,,,,,,,,,,,,,,,,,,,,,,,,,,,,,,,,,,,,,,,1e-09,,,,,,,,,,,,,,,,,,,,,,,,,,0.002472125039396936,,
5,GA,,,,,,,,,,,,,,,,,,,,,,,0.0002936088769481265,,,,,,,,,,,,,,,,,,,0.00029360887694812653,,,,,,,,,,,,,,,,,,,,,,,,,,,,,,,,,,
1,CCAGAT,,,,,,,,,,,,,,,0.002472125039396936,,,,,,,,,,,,,,,,,1e-09,,,,,,,,,,,,,,,,,,,,,,,,,,,,,,,,,,,,,,,,,,,,
30,TCCGC,,,,,,,,,,,,,,,,,,,,,,,,,,,,,,,,,,,,,,,,,,,,0.002472125039396936,,,,,,,,,,,,,,,,,1e-09,,,,,,,,,,,,,,,
20,ACGG,,,,,,,,,,,,,,,,,,,,,0.002472125039396936,,,,,,,,,,,,,,,,,,,,,,,,,,,,,,,,,,,,,,,,,,,,,,0.9810645848898527,,,,,,,,,
21,TTGCC,,,0.0024721534072314534,,,,,,,,,,,,,,,,,,,,,,,,,,,,,,,,,,,,,,,,,,,,,,,,,,,,,,,,,,,,,,1e-09,,,,,,,,,,,
2,ACGT,,,,,,,,,,,,,,,,,,,,,,,,,,,,,,,,,,,,,,,,,,,,,,,,,,,,,,,,,,,,,,,,,,,,,,0.002472125039396936,,1e-09,,,,
3,A,,,,,,,,,,,,0.0033172966609144117,,,,,,,0.0033172966609144117,,,,,,,,,,,,,,,,,,,,,,,,,,,,,,,,,,,,,,,,,,,,,,,,,,,,,,,,,
39,GAGGAGT,,,,,,,,,,,,,,,,,,,,,,,,,,,,,,,,,,,,,,,,,,,,,,0.002472125039396936,,,,,,,,,,,,,1e-09,,,,,,,,,,,,,,,,,
11,CCCT,,,,,,,,,,,0.002472125039396936,,,,,,,,,,,,,,,,,,,,,,,,,,,,,,,,,,,,,,,,,,,,,0.002472125039396936,,,,,,,,,,,,,,,,,,,,
21,TGGC,,,0.003304870569043036,,,,,,,,,,,,,,,,,,,,,,,,,,,,,,,,,,,,,,,,,,,,,,,,,,,,,,,,,,,,,,8.265261159537971e-06,,,,,,,,,,,
21,TTGGT,,,0.002472125039396936,,,,,,,,,,,,,,,,,,,,,,,,,,,,,,,,,,,,,,,,,,,,,,,,,,,,,,,,,,,,,,1e-09,,,,,,,,,,,
40,TTTCT,,,,,,,,,,,,,,,,,,,,,,,,,,,,,,,,,,,,,,,,,,,,,,,,,,,,,,,,,,8.265261159537971e-06,,,,,,0.003304870569043036,,,,,,,,,,,,
10,TCCG,,,,,,,,,2.836783451736667e-08,,,,,,,,,,,,,,,,,,,,,,,,,,,,,,,,,,,,,,,,0.002472125039396936,,,,,,,,,,,,,,,,,,,,,,,,,,,
51,TCAGC,,,1e-09,,,,,,,,,,,,,,,,,,,,,,,,,,,,,,,,,,,,,,,,,,,,,,,,,,,,,,,,,,,,,,0.002472125039396936,,,,,,,,,,,
15,GAAGTAGTTT,,,,,,,,,,,,,,,,,,,,,,,,,,,,,,1.615472745029448e-08,,,,,,,,,,,,,0.0033671867419323145,,,,,,,,,,,,,,,,,,,,,,,,,,,,,,,,,
20,ACT,,,,,,,,,,,,,,,,,,,,,0.004165039873879003,,,,,,,,,,,,,,,,,,,,,,,,,,,,,,,,,,,,,,,,,,,,,,1.0416487296041751e-05,,,,,,,,,
0,ACC,,0.0024834679382593314,,,,,,,,,,,,,,,,,,,,,,,1.1362731518723131e-05,,,,,,,,,,,,,,,,,,,,,,,,,,,,,,,,,,,,,,,,,,,,,,,,,,,
6,CAGCT,,,,,,,,,,,,,,,,,0.002472125039396936,,,,,,,,,,,,,,,,,,,,,,,,0.9810645848898527,,,,,,,,,,,,,,,,,,,,,,,,,,,,,,,,,,,
11,ACT,,,,,,,,,,,0.0033048730560365455,,,,,,,,,,,,,,,,,,,,,,,,,,,,,,,,,,,,,,,,,,,,,8.26774815304775e-06,,,,,,,,,,,,,,,,,,,,
10,TCTA,,,,,,,,,2.836783451736667e-08,,,,,,,,,,,,,,,,,,,,,,,,,,,,,,,,,,,,,,,,0.002472125039396936,,,,,,,,,,,,,,,,,,,,,,,,,,,
38,TCCT,,,,,,,,,,,,,,,,,,,,,,,,,,,,,,,,,,,,,,,,,,,,,,,,,,,,0.002472125039396936,,,,,,,,,,,0.002472125039396936,,,,,,,,,,,,,
1,GGAT,,,,,,,,,,,,,,,0.00029360887694812653,,,,,,,,,,,,,,,,,0.00029360887694812653,,,,,,,,,,,,,,,,,,,,,,,,,,,,,,,,,,,,,,,,,,,,
20,ATTG,,,,,,,,,,,,,,,,,,,,,0.002472125039396936,,,,,,,,,,,,,,,,,,,,,,,,,,,,,,,,,,,,,,,,,,,,,,1e-09,,,,,,,,,
46,TGC,,,,,0.002472125039396936,,1e-09,,,,,,,,,,,,,,,,,,,,,,,,,,,,,,,,,,,,,,,,,,,,,,,,,,,,,,,,,,,,,,,,,,,,,
35,TCCC,,,,2.836783451736667e-08,,,,,,,,,,0.002472125039396936,,,,,,,,,,,,,,,,,,,,,,,,,,,,,,,,,,,,,,,,,,,,,,,,,,,,,,,,,,,,,,
55,ACTCTTCCTCATCTTTGTCCTCATCATCCTCCTT,,,,,,,,,,,,,,,,,,,,,,,,,,,,,,,,,,,,,,,,,,,,,,,,,,,,,,,1e-09,,,,,,,,,,,,,,,,,,1e-09,,,
40,CTACCT,,,,,,,,,,,,,,,,,,,,,,,,,,,,,,,,,,,,,,,,,,,,,,,,,,,,,,,,,,0.002472125039396936,,,,,,1e-09,,,,,,,,,,,,
55,CCCT,,,,,,,,,,,,,,,,,,,,,,,,,,,,,,,,,,,,,,,,,,,,,,,,,,,,,,,0.002480055141173112,,,,,,,,,,,,,,,,,,1e-09,,,
55,ACTT,,,,,,,,,,,,,,,,,,,,,,,,,,,,,,,,,,,,,,,,,,,,,,,,,,,,,,,0.0024721448720532633,,,,,,,,,,,,,,,,,,1e-09,,,
17,GCTTT,,,,,,,,,,0.003304870569043036,,,,,,,,,,,,,,,,,,8.265261159537971e-06,,,,,,,,,,,,,,,,,,,,,,,,,,,,,,,,,,,,,,,,,,,,,,,,
51,TCGCC,,,2.836783451736667e-08,,,,,,,,,,,,,,,,,,,,,,,,,,,,,,,,,,,,,,,,,,,,,,,,,,,,,,,,,,,,,,0.002472125039396936,,,,,,,,,,,
14,CAT,,,,,,,,,,,,,,,,,,,,,,,,,,,,,,,,,,,,,0.002472125039396936,,,,,,,,,,,,,,,,,,,,,,,,,0.9810645848898527,,,,,,,,,,,,,,
17,GACTTT,,,,,,,,,,0.002472125039396936,,,,,,,,,,,,,,,,,,1e-09,,,,,,,,,,,,,,,,,,,,,,,,,,,,,,,,,,,,,,,,,,,,,,,,
20,ACTGT,,,,,,,,,,,,,,,,,,,,,0.0033671867419323145,,,,,,,,,,,,,,,,,,,,,,,,,,,,,,,,,,,,,,,,,,,,,,8.48476928559279e-06,,,,,,,,,
55,C,,,,,,,,,,,,,,,,,,,,,,,,,,,,,,,,,,,,,,,,,,,,,,,,,,,,,,,1.775494534570045e-06,,,,,,,,,,,,,,,,,,1e-09,,,
13,GGATA,,,,,,,,,,,,,,,,,,,,,,,,,,,,,,,,,,,,0.002472125039396936,,,,,,,,,,,,,,,,,,,,,,,,0.9810645848898527,,,,,,,,,,,,,,,,
51,TCGAC,,,1e-09,,,,,,,,,,,,,,,,,,,,,,,,,,,,,,,,,,,,,,,,,,,,,,,,,,,,,,,,,,,,,,0.002472125039396936,,,,,,,,,,,
1,CGGGAT,,,,,,,,,,,,,,,0.002472125039396936,,,,,,,,,,,,,,,,,0.002472125039396936,,,,,,,,,,,,,,,,,,,,,,,,,,,,,,,,,,,,,,,,,,,,
2,AGAT,,,,,,,,,,,,,,,,,,,,,,,,,,,,,,,,,,,,,,,,,,,,,,,,,,,,,,,,,,,,,,,,,,,,,,1e-09,,1e-09,,,,
55,CCGT,,,,,,,,,,,,,,,,,,,,,,,,,,,,,,,,,,,,,,,,,,,,,,,,,,,,,,,0.0024721448720532633,,,,,,,,,,,,,,,,,,1e-09,,,
42,ATCC,,,,,,,,,,,,,,,,,,,,,,,,,,,,,,,,,,,,,,,,,,,,,,,,,,,1e-09,,,,,,,,,,,,,,,,,,,,,0.002472125039396936,,,,
52,CGAA,,,,,,,,,,,,,,,,,,,,,,,,,,,,,,,2.836783451736667e-08,,,,,,,,0.0024721534072314534,,,,,,,,,,,,,,,,,,,,,,,,,,,,,,,,,,,,,
40,CTTACT,,,,,,,,,,,,,,,,,,,,,,,,,,,,,,,,,,,,,,,,,,,,,,,,,,,,,,,,,,0.002472125039396936,,,,,,0.002472125039396936,,,,,,,,,,,,
56,CGGCC,,,,,,,,,,,,,,,,,,,,,,,,,,,,,,,,,,,,,,,,,,,,,,,,7.288279935006296e-07,,,,,,,,,,,,,,,,,,,,,,,,,,1.8681748455579722e-05,,
46,GA,,,,,0.0033048755575028044,,1.868673691534836e-05,,,,,,,,,,,,,,,,,,,,,,,,,,,,,,,,,,,,,,,,,,,,,,,,,,,,,,,,,,,,,,,,,,,,,
1,CTGGT,,,,,,,,,,,,,,,1e-09,,,,,,,,,,,,,,,,,1.0416487296041751e-05,,,,,,,,,,,,,,,,,,,,,,,,,,,,,,,,,,,,,,,,,,,,
38,TACT,,,,,,,,,,,,,,,,,,,,,,,,,,,,,,,,,,,,,,,,,,,,,,,,,,,,0.9810645848898527,,,,,,,,,,,0.002472125039396936,,,,,,,,,,,,,
25,CCCCT,,,,,,,,,,,,,,,,,,,,,,,,,,,,,,,,,,,,,,,,,,,,,,,,,,,,,,,,,,,,,,,,,,,,,0.002472125039396936,,1e-09,,,,,
20,CCTG,,,,,,,,,,,,,,,,,,,,,0.002472125039396936,,,,,,,,,,,,,,,,,,,,,,,,,,,,,,,,,,,,,,,,,,,,,,1e-09,,,,,,,,,
0,AC,,0.003315292044798846,,,,,,,,,,,,,,,,,,,,,,,0.0033058749576183166,,,,,,,,,,,,,,,,,,,,,,,,,,,,,,,,,,,,,,,,,,,,,,,,,,,
25,GT,,,,,,,,,,,,,,,,,,,,,,,,,,,,,,,,,,,,,,,,,,,,,,,,,,,,,,,,,,,,,,,,,,,,,1e-09,,1e-09,,,,,
56,GGGCC,,,,,,,,,,,,,,,,,,,,,,,,,,,,,,,,,,,,,,,,,,,,,,,,0.00029364370325605783,,,,,,,,,,,,,,,,,,,,,,,,,,0.003304873070509295,,
25,CT,,,,,,,,,,,,,,,,,,,,,,,,,,,,,,,,,,,,,,,,,,,,,,,,,,,,,,,,,,,,,,,,,,,,,4.3671810959508055e-09,,4.3671810959508055e-09,,,,,
42,AACT,,,,,,,,,,,,,,,,,,,,,,,,,,,,,,,,,,,,,,,,,,,,,,,,,,,1e-09,,,,,,,,,,,,,,,,,,,,,0.002472125039396936,,,,
6,GGCT,,,,,,,,,,,,,,,,,0.003304870569043036,,,,,,,,,,,,,,,,,,,,,,,,8.265261159537971e-06,,,,,,,,,,,,,,,,,,,,,,,,,,,,,,,,,,,
10,TCAA,,,,,,,,,1.1342898862395898e-05,,,,,,,,,,,,,,,,,,,,,,,,,,,,,,,,,,,,,,,,0.0024721534072314534,,,,,,,,,,,,,,,,,,,,,,,,,,,
51,TCGC,,,8.265261159537971e-06,,,,,,,,,,,,,,,,,,,,,,,,,,,,,,,,,,,,,,,,,,,,,,,,,,,,,,,,,,,,,,1.0416487296041751e-05,,,,,,,,,,,
55,CTTCTTCATCTTC,,,,,,,,,,,,,,,,,,,,,,,,,,,,,,,,,,,,,,,,,,,,,,,,,,,,,,,1e-09,,,,,,,,,,,,,,,,,,1e-09,,,
55,CTCATCCTCATCTTTGTCCTCATCATCCTCCTT,,,,,,,,,,,,,,,,,,,,,,,,,,,,,,,,,,,,,,,,,,,,,,,,,,,,,,,1e-09,,,,,,,,,,,,,,,,,,1e-09,,,
20,CTG,,,,,,,,,,,,,,,,,,,,,0.003304870569043036,,,,,,,,,,,,,,,,,,,,,,,,,,,,,,,,,,,,,,,,,,,,,,8.265261159537971e-06,,,,,,,,,
55,CGGGTGCCAAGG,,,,,,,,,,,,,,,,,,,,,,,,,,,,,,,,,,,,,,,,,,,,,,,,,,,,,,,1e-09,,,,,,,,,,,,,,,,,,1e-09,,,
1,CCGTAT,,,,,,,,,,,,,,,0.002472125039396936,,,,,,,,,,,,,,,,,1e-09,,,,,,,,,,,,,,,,,,,,,,,,,,,,,,,,,,,,,,,,,,,,
31,ATT,2.069870466957753e-06,,,,,0.0024721732398877805,,,,,,,,,,,,,,,,,,,,,,,,,,,,,,,,,,,,,,,,,,,,,,,,,,,,,,,,,,,,,,,,,,,,,,
47,GGGC,,,,,,,,,,,,,,,,,,,,0.0024721448720532633,,,,,,,,,,,,,,,,,,1e-09,,,,,,,,,,,,,,,,,,,,,,,,,,,,,,,,,,,,,,
2,GCCT,,,,,,,,,,,,,,,,,,,,,,,,,,,,,,,,,,,,,,,,,,,,,,,,,,,,,,,,,,,,,,,,,,,,,,0.002472125039396936,,1e-09,,,,
28,CAT,,,,,,,,,,,,,,,,,,,,,,,,,,,,,,,,,,,,,0.002472125039396936,,,,,,,,,,,,,,,,,,,,,,,,,,,,,0.0024721534072314534,,,,,,,,,,
43,AGTAAGTTT,,,,,,,,,,,,,,,,,,1e-09,,,,,,1e-09,,,,,,,,,,,,,,,,,,,,,,,,,,,,,,,,,,,,,,,,,,,,,,,,,,,,
25,CCTCT,,,,,,,,,,,,,,,,,,,,,,,,,,,,,,,,,,,,,,,,,,,,,,,,,,,,,,,,,,,,,,,,,,,,,0.002472125039396936,,1e-09,,,,,
50,CCC,,,,,,,,,,,,,,,,,,,,,,,,,,,,,,,,,,0.0033162972607988996,,,,,,,,,,,,,,,,,,,8.270249619306611e-06,,,,,,,,,,,,,,,,,,,,,,,
30,ACGC,,,,,,,,,,,,,,,,,,,,,,,,,,,,,,,,,,,,,,,,,,,,0.003304870569043036,,,,,,,,,,,,,,,,,8.265261159537971e-06,,,,,,,,,,,,,,,
49,GAGCCC,,,,,,,,,,,,,,,,,,,,,,,,,,,,,,,,,,,,,,,,,,,,,,,0.0033671867419323145,,,,,,,,,,,,,,,,,,,,,,,,,,,,1e-09,
42,CCT,,,,,,,,,,,,,,,,,,,,,,,,,,,,,,,,,,,,,,,,,,,,,,,,,,,2.4869935097785783e-09,,,,,,,,,,,,,,,,,,,,,8.270249619306611e-06,,,,
10,TCAC,,,,,,,,,1.1342898862395898e-05,,,,,,,,,,,,,,,,,,,,,,,,,,,,,,,,,,,,,,,,2.836783451736667e-08,,,,,,,,,,,,,,,,,,,,,,,,,,,
55,CCAT,,,,,,,,,,,,,,,,,,,,,,,,,,,,,,,,,,,,,,,,,,,,,,,,,,,,,,,0.0024721448720532633,,,,,,,,,,,,,,,,,,1e-09,,,
38,CGCT,,,,,,,,,,,,,,,,,,,,,,,,,,,,,,,,,,,,,,,,,,,,,,,,,,,,1e-09,,,,,,,,,,,0.002472125039396936,,,,,,,,,,,,,
2,ACCATGT,,,,,,,,,,,,,,,,,,,,,,,,,,,,,,,,,,,,,,,,,,,,,,,,,,,,,,,,,,,,,,,,,,,,,,1e-09,,1e-09,,,,
47,AC,,,,,,,,,,,,,,,,,,,,0.00029360887694812653,,,,,,,,,,,,,,,,,,0.00029364370325605783,,,,,,,,,,,,,,,,,,,,,,,,,,,,,,,,,,,,,,
47,GGACT,,,,,,,,,,,,,,,,,,,,0.0033671867419323145,,,,,,,,,,,,,,,,,,8.48476928559279e-06,,,,,,,,,,,,,,,,,,,,,,,,,,,,,,,,,,,,,,
47,GGA,,,,,,,,,,,,,,,,,,,,0.004165042360872513,,,,,,,,,,,,,,,,,,1.141837440506474e-05,,,,,,,,,,,,,,,,,,,,,,,,,,,,,,,,,,,,,,
0,CCC,,2.836783451736667e-08,,,,,,,,,,,,,,,,,,,,,,,0.0024721732398877805,,,,,,,,,,,,,,,,,,,,,,,,,,,,,,,,,,,,,,,,,,,,,,,,,,,
47,GAAC,,,,,,,,,,,,,,,,,,,,0.0024721534072314534,,,,,,,,,,,,,,,,,,0.9810645848898527,,,,,,,,,,,,,,,,,,,,,,,,,,,,,,,,,,,,,,
11,CGCT,,,,,,,,,,,0.002472125039396936,,,,,,,,,,,,,,,,,,,,,,,,,,,,,,,,,,,,,,,,,,,,,0.9810645848898527,,,,,,,,,,,,,,,,,,,,
55,CCTTT,,,,,,,,,,,,,,,,,,,,,,,,,,,,,,,,,,,,,,,,,,,,,,,,,,,,,,,0.0033718935883874468,,,,,,,,,,,,,,,,,,1e-09,,,
40,CTTTTT,,,,,,,,,,,,,,,,,,,,,,,,,,,,,,,,,,,,,,,,,,,,,,,,,,,,,,,,,,1e-09,,,,,,0.002472125039396936,,,,,,,,,,,,
20,AGTGTCG,,,,,,,,,,,,,,,,,,,,,1e-09,,,,,,,,,,,,,,,,,,,,,,,,,,,,,,,,,,,,,,,,,,,,,,1e-09,,,,,,,,,
50,TCCA,,,,,,,,,,,,,,,,,,,,,,,,,,,,,,,,,,0.0024721534072314534,,,,,,,,,,,,,,,,,,,1e-09,,,,,,,,,,,,,,,,,,,,,,,
1,ACGGAT,,,,,,,,,,,,,,,0.002472125039396936,,,,,,,,,,,,,,,,,1e-09,,,,,,,,,,,,,,,,,,,,,,,,,,,,,,,,,,,,,,,,,,,,
21,TCGGC,,,0.002472125039396936,,,,,,,,,,,,,,,,,,,,,,,,,,,,,,,,,,,,,,,,,,,,,,,,,,,,,,,,,,,,,,0.9810645848898527,,,,,,,,,,,
1,CAGAT,,,,,,,,,,,,,,,8.265261159537971e-06,,,,,,,,,,,,,,,,,1e-09,,,,,,,,,,,,,,,,,,,,,,,,,,,,,,,,,,,,,,,,,,,,
6,CGACT,,,,,,,,,,,,,,,,,0.002472125039396936,,,,,,,,,,,,,,,,,,,,,,,,1e-09,,,,,,,,,,,,,,,,,,,,,,,,,,,,,,,,,,,
42,ACTT,,,,,,,,,,,,,,,,,,,,,,,,,,,,,,,,,,,,,,,,,,,,,,,,,,,1e-09,,,,,,,,,,,,,,,,,,,,,2.836783451736667e-08,,,,
42,ATCTT,,,,,,,,,,,,,,,,,,,,,,,,,,,,,,,,,,,,,,,,,,,,,,,,,,,8.48476928559279e-06,,,,,,,,,,,,,,,,,,,,,0.0033671867419323145,,,,
15,AAGTAGTT,,,,,,,,,,,,,,,,,,,,,,,,,,,,,,0.002472125039396936,,,,,,,,,,,,,0.003304870569043036,,,,,,,,,,,,,,,,,,,,,,,,,,,,,,,,,
39,GGGAGT,,,,,,,,,,,,,,,,,,,,,,,,,,,,,,,,,,,,,,,,,,,,,,0.003304870569043036,,,,,,,,,,,,,1e-09,,,,,,,,,,,,,,,,,
28,CCT,,,,,,,,,,,,,,,,,,,,,,,,,,,,,,,,,,,,,0.0024721448720532633,,,,,,,,,,,,,,,,,,,,,,,,,,,,,0.9810646330903435,,,,,,,,,,
11,TACT,,,,,,,,,,,0.002472125039396936,,,,,,,,,,,,,,,,,,,,,,,,,,,,,,,,,,,,,,,,,,,,,1e-09,,,,,,,,,,,,,,,,,,,,
55,CTTTGTCCTCATCATCCTCCTT,,,,,,,,,,,,,,,,,,,,,,,,,,,,,,,,,,,,,,,,,,,,,,,,,,,,,,,1e-09,,,,,,,,,,,,,,,,,,1e-09,,,
14,T,,,,,,,,,,,,,,,,,,,,,,,,,,,,,,,,,,,,,0.00029494991942158365,,,,,,,,,,,,,,,,,,,,,,,,,0.00029494991942158354,,,,,,,,,,,,,,
55,CATCCTCATCTTT,,,,,,,,,,,,,,,,,,,,,,,,,,,,,,,,,,,,,,,,,,,,,,,,,,,,,,,1e-09,,,,,,,,,,,,,,,,,,1e-09,,,
40,GTTTCT,,,,,,,,,,,,,,,,,,,,,,,,,,,,,,,,,,,,,,,,,,,,,,,,,,,,,,,,,,1e-09,,,,,,0.002472125039396936,,,,,,,,,,,,
51,TTGGC,,,0.9810645848898527,,,,,,,,,,,,,,,,,,,,,,,,,,,,,,,,,,,,,,,,,,,,,,,,,,,,,,,,,,,,,,0.002472125039396936,,,,,,,,,,,
25,CCAAT,,,,,,,,,,,,,,,,,,,,,,,,,,,,,,,,,,,,,,,,,,,,,,,,,,,,,,,,,,,,,,,,,,,,,0.002472125039396936,,0.002472125039396936,,,,,
30,TCC,,,,,,,,,,,,,,,,,,,,,,,,,,,,,,,,,,,,,,,,,,,,1.306216165525791e-06,,,,,,,,,,,,,,,,,7.288279935006296e-07,,,,,,,,,,,,,,,
51,TCGTC,,,1e-09,,,,,,,,,,,,,,,,,,,,,,,,,,,,,,,,,,,,,,,,,,,,,,,,,,,,,,,,,,,,,,0.002472125039396936,,,,,,,,,,,
10,CCA,,,,,,,,,8.267762625796832e-06,,,,,,,,,,,,,,,,,,,,,,,,,,,,,,,,,,,,,,,,0.003304873070509295,,,,,,,,,,,,,,,,,,,,,,,,,,,
42,TCT,,,,,,,,,,,,,,,,,,,,,,,,,,,,,,,,,,,,,,,,,,,,,,,,,,,8.26774815304775e-06,,,,,,,,,,,,,,,,,,,,,0.0033048730560365455,,,,
46,TGT,,,,,0.002472125039396936,,1e-09,,,,,,,,,,,,,,,,,,,,,,,,,,,,,,,,,,,,,,,,,,,,,,,,,,,,,,,,,,,,,,,,,,,,,
43,AGTAGGTT,,,,,,,,,,,,,,,,,,8.48476928559279e-06,,,,,,2.836783451736667e-08,,,,,,,,,,,,,,,,,,,,,,,,,,,,,,,,,,,,,,,,,,,,,,,,,,,,
43,AATAAGTT,,,,,,,,,,,,,,,,,,8.48476928559279e-06,,,,,,2.836783451736667e-08,,,,,,,,,,,,,,,,,,,,,,,,,,,,,,,,,,,,,,,,,,,,,,,,,,,,
1,CCGAAT,,,,,,,,,,,,,,,0.002472125039396936,,,,,,,,,,,,,,,,,1e-09,,,,,,,,,,,,,,,,,,,,,,,,,,,,,,,,,,,,,,,,,,,,
55,CAT,,,,,,,,,,,,,,,,,,,,,,,,,,,,,,,,,,,,,,,,,,,,,,,,,,,,,,,1.8681748455579722e-05,,,,,,,,,,,,,,,,,,1e-09,,,
20,ACTT,,,,,,,,,,,,,,,,,,,,,0.002472125039396936,,,,,,,,,,,,,,,,,,,,,,,,,,,,,,,,,,,,,,,,,,,,,,1e-09,,,,,,,,,
38,GCT,,,,,,,,,,,,,,,,,,,,,,,,,,,,,,,,,,,,,,,,,,,,,,,,,,,,8.265261159537971e-06,,,,,,,,,,,0.003304870569043036,,,,,,,,,,,,,
43,AGAAAGTT,,,,,,,,,,,,,,,,,,8.48476928559279e-06,,,,,,2.836783451736667e-08,,,,,,,,,,,,,,,,,,,,,,,,,,,,,,,,,,,,,,,,,,,,,,,,,,,,
17,GCCTTT,,,,,,,,,,0.0024721534072314534,,,,,,,,,,,,,,,,,,1e-09,,,,,,,,,,,,,,,,,,,,,,,,,,,,,,,,,,,,,,,,,,,,,,,,
55,CTCATCCTCATCTTT,,,,,,,,,,,,,,,,,,,,,,,,,,,,,,,,,,,,,,,,,,,,,,,,,,,,,,,1e-09,,,,,,,,,,,,,,,,,,1e-09,,,
30,TACC,,,,,,,,,,,,,,,,,,,,,,,,,,,,,,,,,,,,,,,,,,,,1.0416487296041751e-05,,,,,,,,,,,,,,,,,2.501466258859992e-09,,,,,,,,,,,,,,,
50,TCAC,,,,,,,,,,,,,,,,,,,,,,,,,,,,,,,,,,0.002472125039396936,,,,,,,,,,,,,,,,,,,0.002472125039396936,,,,,,,,,,,,,,,,,,,,,,,
26,CA,,,,,,,,,,,,,,,,,,,,,,,,,,,,,,,,,,,,,,,,0.00029364370325605783,,,,,,,,,,0.0033048755575028044,,,,,,,,,,,,,,,,,,,,,,,,,,
0,AACA,,0.0033671867419323145,,,,,,,,,,,,,,,,,,,,,,,8.48476928559279e-06,,,,,,,,,,,,,,,,,,,,,,,,,,,,,,,,,,,,,,,,,,,,,,,,,,,
1,CAT,,,,,,,,,,,,,,,1e-09,,,,,,,,,,,,,,,,,1e-09,,,,,,,,,,,,,,,,,,,,,,,,,,,,,,,,,,,,,,,,,,,,
47,GGAA,,,,,,,,,,,,,,,,,,,,0.0024721448720532633,,,,,,,,,,,,,,,,,,7.930101776176147e-06,,,,,,,,,,,,,,,,,,,,,,,,,,,,,,,,,,,,,,
30,TCGC,,,,,,,,,,,,,,,,,,,,,,,,,,,,,,,,,,,,,,,,,,,,8.265261159537971e-06,,,,,,,,,,,,,,,,,1e-09,,,,,,,,,,,,,,,
55,CCTTGTCCTCTGC,,,,,,,,,,,,,,,,,,,,,,,,,,,,,,,,,,,,,,,,,,,,,,,,,,,,,,,1e-09,,,,,,,,,,,,,,,,,,1e-09,,,
55,CATCATCCTCATCTTTGTCCTCATCATCCTCCTT,,,,,,,,,,,,,,,,,,,,,,,,,,,,,,,,,,,,,,,,,,,,,,,,,,,,,,,1e-09,,,,,,,,,,,,,,,,,,1e-09,,,
55,CCTCCTC,,,,,,,,,,,,,,,,,,,,,,,,,,,,,,,,,,,,,,,,,,,,,,,,,,,,,,,1e-09,,,,,,,,,,,,,,,,,,1e-09,,,
43,GTAAGTT,,,,,,,,,,,,,,,,,,1.13428988623959e-05,,,,,,1.0077174663117267e-06,,,,,,,,,,,,,,,,,,,,,,,,,,,,,,,,,,,,,,,,,,,,,,,,,,,,
42,CTCT,,,,,,,,,,,,,,,,,,,,,,,,,,,,,,,,,,,,,,,,,,,,,,,,,,,1e-09,,,,,,,,,,,,,,,,,,,,,0.002472125039396936,,,,
20,ACTC,,,,,,,,,,,,,,,,,,,,,0.002472125039396936,,,,,,,,,,,,,,,,,,,,,,,,,,,,,,,,,,,,,,,,,,,,,,1e-09,,,,,,,,,
26,CCA,,,,,,,,,,,,,,,,,,,,,,,,,,,,,,,,,,,,,,,,0.003304873070509295,,,,,,,,,,0.0024721534072314534,,,,,,,,,,,,,,,,,,,,,,,,,,
20,TG,,,,,,,,,,,,,,,,,,,,,0.0002936088769481265,,,,,,,,,,,,,,,,,,,,,,,,,,,,,,,,,,,,,,,,,,,,,,7.636543014319618e-07,,,,,,,,,
39,GGAGT,,,,,,,,,,,,,,,,,,,,,,,,,,,,,,,,,,,,,,,,,,,,,,0.00029360887694812653,,,,,,,,,,,,,1e-09,,,,,,,,,,,,,,,,,
10,ACCA,,,,,,,,,1e-09,,,,,,,,,,,,,,,,,,,,,,,,,,,,,,,,,,,,,,,,0.002472125039396936,,,,,,,,,,,,,,,,,,,,,,,,,,,
51,TCGGT,,,1e-09,,,,,,,,,,,,,,,,,,,,,,,,,,,,,,,,,,,,,,,,,,,,,,,,,,,,,,,,,,,,,,0.002472125039396936,,,,,,,,,,,
39,AGGGAGT,,,,,,,,,,,,,,,,,,,,,,,,,,,,,,,,,,,,,,,,,,,,,,0.002472125039396936,,,,,,,,,,,,,1e-09,,,,,,,,,,,,,,,,,
30,TACTC,,,,,,,,,,,,,,,,,,,,,,,,,,,,,,,,,,,,,,,,,,,,0.002472125039396936,,,,,,,,,,,,,,,,,1e-09,,,,,,,,,,,,,,,
39,GGGGAGTT,,,,,,,,,,,,,,,,,,,,,,,,,,,,,,,,,,,,,,,,,,,,,,0.0033671867419323145,,,,,,,,,,,,,1e-09,,,,,,,,,,,,,,,,,
1,CTGGCT,,,,,,,,,,,,,,,1e-09,,,,,,,,,,,,,,,,,0.002472125039396936,,,,,,,,,,,,,,,,,,,,,,,,,,,,,,,,,,,,,,,,,,,,
55,CTCTTCCTCATCTTTGTCCTCATCATCCTCCTT,,,,,,,,,,,,,,,,,,,,,,,,,,,,,,,,,,,,,,,,,,,,,,,,,,,,,,,1e-09,,,,,,,,,,,,,,,,,,1e-09,,,
1,CTGGAC,,,,,,,,,,,,,,,1e-09,,,,,,,,,,,,,,,,,0.002472125039396936,,,,,,,,,,,,,,,,,,,,,,,,,,,,,,,,,,,,,,,,,,,,
30,TTCGC,,,,,,,,,,,,,,,,,,,,,,,,,,,,,,,,,,,,,,,,,,,,0.002472125039396936,,,,,,,,,,,,,,,,,1e-09,,,,,,,,,,,,,,,
11,T,,,,,,,,,,,7.438153402898071e-09,,,,,,,,,,,,,,,,,,,,,,,,,,,,,,,,,,,,,,,,,,,,,7.438153402898071e-09,,,,,,,,,,,,,,,,,,,,
35,CGC,,,,8.265261159537971e-06,,,,,,,,,,0.0033048730560365455,,,,,,,,,,,,,,,,,,,,,,,,,,,,,,,,,,,,,,,,,,,,,,,,,,,,,,,,,,,,,,
43,AGTAAATT,,,,,,,,,,,,,,,,,,8.48476928559279e-06,,,,,,2.836783451736667e-08,,,,,,,,,,,,,,,,,,,,,,,,,,,,,,,,,,,,,,,,,,,,,,,,,,,,
1,TGGAT,,,,,,,,,,,,,,,8.265261159537971e-06,,,,,,,,,,,,,,,,,0.003304870569043036,,,,,,,,,,,,,,,,,,,,,,,,,,,,,,,,,,,,,,,,,,,,
40,CCTTCT,,,,,,,,,,,,,,,,,,,,,,,,,,,,,,,,,,,,,,,,,,,,,,,,,,,,,,,,,,1.983265632723127e-08,,,,,,0.002472125039396936,,,,,,,,,,,,
55,TTGCCCATCCTCTGCTC,,,,,,,,,,,,,,,,,,,,,,,,,,,,,,,,,,,,,,,,,,,,,,,,,,,,,,,1e-09,,,,,,,,,,,,,,,,,,1e-09,,,
21,TTAGC,,,0.002472125039396936,,,,,,,,,,,,,,,,,,,,,,,,,,,,,,,,,,,,,,,,,,,,,,,,,,,,,,,,,,,,,,1e-09,,,,,,,,,,,
56,CAGGCC,,,,,,,,,,,,,,,,,,,,,,,,,,,,,,,,,,,,,,,,,,,,,,,,1e-09,,,,,,,,,,,,,,,,,,,,,,,,,,0.002472125039396936,,
55,CCTG,,,,,,,,,,,,,,,,,,,,,,,,,,,,,,,,,,,,,,,,,,,,,,,,,,,,,,,0.0024721534072314534,,,,,,,,,,,,,,,,,,1e-09,,,
31,GTTTT,0.9810646330903435,,,,,1.615472745029448e-08,,,,,,,,,,,,,,,,,,,,,,,,,,,,,,,,,,,,,,,,,,,,,,,,,,,,,,,,,,,,,,,,,,,,,,
14,AGT,,,,,,,,,,,,,,,,,,,,,,,,,,,,,,,,,,,,,0.002472125039396936,,,,,,,,,,,,,,,,,,,,,,,,,2.836783451736667e-08,,,,,,,,,,,,,,
20,ACAG,,,,,,,,,,,,,,,,,,,,,0.002472125039396936,,,,,,,,,,,,,,,,,,,,,,,,,,,,,,,,,,,,,,,,,,,,,,0.002472125039396936,,,,,,,,,
43,AGTCAGTT,,,,,,,,,,,,,,,,,,8.48476928559279e-06,,,,,,2.836783451736667e-08,,,,,,,,,,,,,,,,,,,,,,,,,,,,,,,,,,,,,,,,,,,,,,,,,,,,
1,CTGAAT,,,,,,,,,,,,,,,1e-09,,,,,,,,,,,,,,,,,0.002472125039396936,,,,,,,,,,,,,,,,,,,,,,,,,,,,,,,,,,,,,,,,,,,,
17,AGATCGGAAGA,,,,,,,,,,1e-09,,,,,,,,,,,,,,,,,,1e-09,,,,,,,,,,,,,,,,,,,,,,,,,,,,,,,,,,,,,,,,,,,,,,,,
2,ACCC,,,,,,,,,,,,,,,,,,,,,,,,,,,,,,,,,,,,,,,,,,,,,,,,,,,,,,,,,,,,,,,,,,,,,,0.0024721448720532633,,1e-09,,,,
25,CCCT,,,,,,,,,,,,,,,,,,,,,,,,,,,,,,,,,,,,,,,,,,,,,,,,,,,,,,,,,,,,,,,,,,,,,8.26774815304775e-06,,2.4869935097785783e-09,,,,,
51,ACGGC,,,1e-09,,,,,,,,,,,,,,,,,,,,,,,,,,,,,,,,,,,,,,,,,,,,,,,,,,,,,,,,,,,,,,0.002472125039396936,,,,,,,,,,,
20,TCTG,,,,,,,,,,,,,,,,,,,,,0.002472125039396936,,,,,,,,,,,,,,,,,,,,,,,,,,,,,,,,,,,,,,,,,,,,,,1e-09,,,,,,,,,
38,CCTC,,,,,,,,,,,,,,,,,,,,,,,,,,,,,,,,,,,,,,,,,,,,,,,,,,,,2.836783451736667e-08,,,,,,,,,,,2.836783451736667e-08,,,,,,,,,,,,,
1,CCGGAC,,,,,,,,,,,,,,,0.002472125039396936,,,,,,,,,,,,,,,,,1e-09,,,,,,,,,,,,,,,,,,,,,,,,,,,,,,,,,,,,,,,,,,,,
49,GAGTC,,,,,,,,,,,,,,,,,,,,,,,,,,,,,,,,,,,,,,,,,,,,,,,0.002472125039396936,,,,,,,,,,,,,,,,,,,,,,,,,,,,8.48476928559279e-06,
55,CATC,,,,,,,,,,,,,,,,,,,,,,,,,,,,,,,,,,,,,,,,,,,,,,,,,,,,,,,2.836783451736667e-08,,,,,,,,,,,,,,,,,,1e-09,,,
40,CTATCT,,,,,,,,,,,,,,,,,,,,,,,,,,,,,,,,,,,,,,,,,,,,,,,,,,,,,,,,,,1e-09,,,,,,0.002472125039396936,,,,,,,,,,,,
30,TACGCA,,,,,,,,,,,,,,,,,,,,,,,,,,,,,,,,,,,,,,,,,,,,0.0033671867419323145,,,,,,,,,,,,,,,,,8.48476928559279e-06,,,,,,,,,,,,,,,
35,TCAC,,,,1e-09,,,,,,,,,,0.002472125039396936,,,,,,,,,,,,,,,,,,,,,,,,,,,,,,,,,,,,,,,,,,,,,,,,,,,,,,,,,,,,,,
1,TTGGAT,,,,,,,,,,,,,,,1e-09,,,,,,,,,,,,,,,,,0.002472125039396936,,,,,,,,,,,,,,,,,,,,,,,,,,,,,,,,,,,,,,,,,,,,
47,GGAT,,,,,,,,,,,,,,,,,,,,0.002472125039396936,,,,,,,,,,,,,,,,,,1.983265632723127e-08,,,,,,,,,,,,,,,,,,,,,,,,,,,,,,,,,,,,,,
6,CGCT,,,,,,,,,,,,,,,,,8.265261159537971e-06,,,,,,,,,,,,,,,,,,,,,,,,8.265261159537971e-06,,,,,,,,,,,,,,,,,,,,,,,,,,,,,,,,,,,
55,GCTT,,,,,,,,,,,,,,,,,,,,,,,,,,,,,,,,,,,,,,,,,,,,,,,,,,,,,,,0.0024721448720532633,,,,,,,,,,,,,,,,,,1e-09,,,
40,CTCTCT,,,,,,,,,,,,,,,,,,,,,,,,,,,,,,,,,,,,,,,,,,,,,,,,,,,,,,,,,,1e-09,,,,,,0.002472125039396936,,,,,,,,,,,,
55,GATCTTCCTCATCTTTGTCCTCATCATCCTCCTT,,,,,,,,,,,,,,,,,,,,,,,,,,,,,,,,,,,,,,,,,,,,,,,,,,,,,,,1e-09,,,,,,,,,,,,,,,,,,1e-09,,,
30,TGC,,,,,,,,,,,,,,,,,,,,,,,,,,,,,,,,,,,,,,,,,,,,2.0350441590264204e-06,,,,,,,,,,,,,,,,,0.00029360887694812653,,,,,,,,,,,,,,,
55,CCTTGACC,,,,,,,,,,,,,,,,,,,,,,,,,,,,,,,,,,,,,,,,,,,,,,,,,,,,,,,1e-09,,,,,,,,,,,,,,,,,,1e-09,,,
0,CC,,9.27546561935948e-06,,,,,,,,,,,,,,,,,,,,,,,2.069135303091444e-05,,,,,,,,,,,,,,,,,,,,,,,,,,,,,,,,,,,,,,,,,,,,,,,,,,,
19,AT,,,,,,,,1.868673691534836e-05,,,,,,,,,,,,,,,,,,,,,,,,,0.003315292044798846,,,,,,,,,,,,,,,,,,,,,,,,,,,,,,,,,,,,,,,,,,,
1,CCTGAT,,,,,,,,,,,,,,,0.002472125039396936,,,,,,,,,,,,,,,,,1e-09,,,,,,,,,,,,,,,,,,,,,,,,,,,,,,,,,,,,,,,,,,,,
38,TCT,,,,,,,,,,,,,,,,,,,,,,,,,,,,,,,,,,,,,,,,,,,,,,,,,,,,8.265261159537971e-06,,,,,,,,,,,8.265261159537971e-06,,,,,,,,,,,,,
40,CTTCCC,,,,,,,,,,,,,,,,,,,,,,,,,,,,,,,,,,,,,,,,,,,,,,,,,,,,,,,,,,0.002472125039396936,,,,,,1e-09,,,,,,,,,,,,
11,CTCT,,,,,,,,,,,0.002472125039396936,,,,,,,,,,,,,,,,,,,,,,,,,,,,,,,,,,,,,,,,,,,,,0.002472125039396936,,,,,,,,,,,,,,,,,,,,
42,ATTT,,,,,,,,,,,,,,,,,,,,,,,,,,,,,,,,,,,,,,,,,,,,,,,,,,,0.002472125039396936,,,,,,,,,,,,,,,,,,,,,0.002472125039396936,,,,
55,CTCATCCTCATCCTT,,,,,,,,,,,,,,,,,,,,,,,,,,,,,,,,,,,,,,,,,,,,,,,,,,,,,,,1e-09,,,,,,,,,,,,,,,,,,1e-09,,,
14,GT,,,,,,,,,,,,,,,,,,,,,,,,,,,,,,,,,,,,,0.0033048755575028044,,,,,,,,,,,,,,,,,,,,,,,,,8.270249619306611e-06,,,,,,,,,,,,,,
47,GTCC,,,,,,,,,,,,,,,,,,,,2.836783451736667e-08,,,,,,,,,,,,,,,,,,1e-09,,,,,,,,,,,,,,,,,,,,,,,,,,,,,,,,,,,,,,
40,CTTCCTGCT,,,,,,,,,,,,,,,,,,,,,,,,,,,,,,,,,,,,,,,,,,,,,,,,,,,,,,,,,,1e-09,,,,,,1e-09,,,,,,,,,,,,
