probe_idx,name,gapfill,gapfill_from_transcriptome,gapfill_start,gap_probe_sequence,lhs_probe,rhs_probe,likelihood,frequency,count_of_this_gapfill,count_of_this_probe
9,CALR c.1154_1155insTTGTC,CCTT,CCTT,1153,CCTGACAAT,TCCTCATCTTTGTCCTCATCATCCT,GTCCTCTGCCTCCTCCTCCTCTTTG,0.9810646330903435,0.9615484541439335,25907.0,26943.0
10,IDH2 c.419G>A,CCGGAT,CCGGAT,415,CTGGAT,GGAAGACAGTCCCCCCCAGGATGTT,AGTTCCATTGGGACTTTTCCACATC,0.9810645848898527,0.9633995037220844,1553.0,1612.0
11,NRAS c.35G>A,ACCT,ACCT,33,ATCT,TTGTCAGTGCGCTTTTCCCAACACC,GCTCCAACCACCACCAGTTTGTACT,0.9810645848898527,0.9830234438156831,4864.0,4948.0
17,SH2B3 c.894G>A,TCCA,TCCA,892,TTCA,CCTGTGCACTCCGAGAGCTCAGCCA,TGAATTCAGCTGCTGCTCGTCTCCC,0.9810645848898527,0.9706875590976631,7186.0,7403.0
19,ZRSR2 c.884G>C,GTCGT,GTCGT,882,GTGGT,ACGGGGCAGAATTCACACTGCAGCT,CCTGCATACCATCGTCCGTTAAACA,0.9810645848898527,0.9728813559322034,574.0,590.0
34,TET2 c.2908dupA,GTTT,GTT,2907,GTTT,GTGCATCTGACTATGGCAAGACTCA,TGGGGTTGCTGTGTTTGCTGCTGTT,0.0033718935883874468,0.6230717639168344,929.0,1491.0
52,CBL c.1259G>A,TCGGC,TCGGC,1256,TTGGC,TGGGTTCAGTACCTTTAATTTCACA,AGAAAGGACAGCCCTGACCTTCTGA,0.9810645848898527,0.9456568249893025,2210.0,2337.0
56,RUNX1 c.1103dupC,CGGGCC,CGGGCC,1099,CGGGGCC,GGTAGGAGGGCGAGCTGGCTTGGAA,TCCCTGCGCTTGCGACGAGCCGGGG,0.9810645848898527,0.9818672839506173,5090.0,5184.0
97,ASXL1 c.2081_2099dup_1,,,2070,,ATTTAGAGGATAAGGCGGCAGTAGT,TGTGTTCGCTGTAGATCTGACGTAC,0.9810960673050817,0.9761904761904762,1681.0,1722.0
21,NFE2 c.817C>T,CGT,CGT,816,CAT,CTGGGCTGCCACCTTGTTTTTGCCC,CGTCGGATGTCCCGGACTAGCGCTA,0.9810645848898527,0.48694942903752036,597.0,1226.0
49,SRSF2 c.161C>T,GGAC,GGAC,159,GAAC,GAAAGCGAACGAAGGCGAAGCCGCG,TCCTTGGTGTAGCGGTCCCGCGGGA,0.9810645848898527,0.9903039073806078,6843.0,6910.0
41,ASXL1 c.2407C>T,TGCT,TGCT,2405,TACT,ATTGTCTGCAGGAACGGTGGGTCCT,CCTCATCATCACTTTCCCAGGAAGT,0.9810645848898527,0.9831029185867896,640.0,651.0
50,SH2B3 c.1527del,GAGCC,GAGCC,1526,GAGC,ATCGCCCTGGGAGACCCTCTGGGCT,CCCGGGGACAGCCAGAAGAACTAAG,0.9810645848898527,0.9827476038338658,4614.0,4695.0
25,TET2 c.685dupA,GTT,GTT,684,GTTT,ACAATCTGGATAATATTGAGACAGT,TTTTCCAGGAGTTCACCATGTGTGT,0.9810646330903435,0.8222811671087533,310.0,377.0
47,KRAS c.173C>T,CTGT,CTGT,172,CTAT,ATTGCACTGTACTCCTCTTGACCTG,GTCGAGAATATCCAAGAGACAGGTT,0.9810645848898527,0.9968228752978554,1255.0,1259.0
0,JAK2 c.1849G>T,AAC,CAC,1847,AAC,TGAACCAGAATATTCTCGTCTCCACAGA,ATACTCCATAATTTAAAACCAAATGCTTGTGAGAAAGCTTGCTC,0.0024721534072314534,0.8821184510250569,1549.0,1756.0
16,MPL c.1771T>G,TAGT,TAGT,1769,TCGT,CAGGCAAGAAGGCTGCAATCTTCGG,CCATCTGGGCCTGGGAGGAACACAG,0.9810645848898527,1.0,54.0,54.0
24,NFE2 c.714_716delinsAA,CGTAGG,CGTAGG,712,CTTGG,CTACCGGCAAGTTGACAATCTTGTC,AAAAGGAATCTTCATGGCCAAGGCC,0.9810645848898527,0.9182156133828996,494.0,538.0
54,GATA2 c.1192C>T,GGT,GGT,1190,AGT,TTCTTGGACTTGTTGGACATCTTCC,TCCGAGTCTGGATCCCTTCCTTCTT,0.9810646330903435,0.9828054298642533,1086.0,1105.0
27,U2AF1 c.470A>C,ACTG,ACTG,469,ACGG,CCTCGTGTGCATTCTCCCATCTCAT,ACGGCAGCAGGCTTCTCTGAAGTCC,0.9810645848898527,0.9891614375356532,1734.0,1753.0
43,SF3B1 c.2098A>G,CTTTCT,CTTTCT,2096,CTTCCT,ATGGCCAAAGCACTGATGGTCCGAA,GCTGCTCATCCACAAGACCATGTTC,0.9810645848898527,0.9621670702179177,3179.0,3304.0
29,TET2 c.4249G>T,ACGT,ACGT,4247,AAGT,GTCAGAGACTTTGTATAAAGGCAGA,GAAGCTGCTCATCCTCAGGTTTTCC,0.9810645848898527,0.996031746031746,502.0,504.0
18,JAK2 c.892T>C,CACT,CACT,890,CGCT,ACTTTCTTTATGTTTCCCTCTTGAC,GAATTCCACCGTTTCCAGTTATTAT,0.9810645848898527,0.9877729257641922,1131.0,1145.0
48,ASXL1 c.1636C>T,TGA,TGA,1635,TAA,ACTTTCAATTGTGTTACGAAAGGAC,CGATCTTCAAGCCGGGGCTTCTTTT,0.9810645848898527,0.9928263988522238,692.0,697.0
50,SH2B3 c.1527del,AGCC,GAGCC,1526,GAGC,ATCGCCCTGGGAGACCCTCTGGGCT,CCCGGGGACAGCCAGAAGAACTAAG,0.003304870569043036,0.00617678381256656,29.0,4695.0
92,TP53 c.373_375,CGT,CGT,373,,ACATCTTGTTGAGGGCAGGGGAGTA,GCAAGTCACAGACTTGGCTGTCCCA,0.9810645848898527,0.9979338842975206,483.0,484.0
54,GATA2 c.1192C>T,GT,GGT,1190,AGT,TTCTTGGACTTGTTGGACATCTTCC,TCCGAGTCTGGATCCCTTCCTTCTT,0.003315292044798846,0.008144796380090498,9.0,1105.0
21,NFE2 c.817C>T,CAT,CGT,816,CAT,CTGGGCTGCCACCTTGTTTTTGCCC,CGTCGGATGTCCCGGACTAGCGCTA,0.002472125039396936,0.5032626427406199,617.0,1226.0
53,ASXL1 c.1249C>T,CGGA,CGGA,1247,CAGA,GTACAGATTCCTTCTGGCTCTGGTT,GATCTGGCCGAGAGCGTTTCTTAAA,0.9810645848898527,0.9867256637168141,669.0,678.0
14,DNMT3A c.2644C>T,CGGCT,CGGCT,2641,CAGCT,GCCCAGCAGTCTCTGCCTCGCCAAG,CATGTTGGAGACGTCAGTATAGTGG,0.9810645848898527,0.9803149606299213,249.0,254.0
9,CALR c.1154_1155insTTGTC,CTT,CCTT,1153,CCTGACAAT,TCCTCATCTTTGTCCTCATCATCCT,GTCCTCTGCCTCCTCCTCCTCTTTG,0.0033152895578053366,0.01488327209293694,401.0,26943.0
23,JAK2 c.731A>G,GGCTTT,GGCTTT,730,GGCTCT,ACTTAAGTTTCAAGTTTCTGGCAGT,GCATTGGCTGAATTGCTGAATAAAT,0.9810645848898527,0.9856115107913669,548.0,556.0
32,TET2 c.3218G>A,GTTC,GTTC,"[3217, 3280]",GTTC,TCTAAAGCTGGGGTGTGGCTATCAA,TGCAGCAGTGGTTTGTCTAGTCAAA,0.9810645848898527,0.9861660079051383,499.0,506.0
34,TET2 c.2908dupA,GTT,GTT,2907,GTTT,GTGCATCTGACTATGGCAAGACTCA,TGGGGTTGCTGTGTTTGCTGCTGTT,0.9810646330903435,0.37089201877934275,553.0,1491.0
30,ASXL1 c.4183C>G,CCAGT,CCAGT,4182,CCACT,AAGGGCATCCCTTCCAAGTGACCCA,TCCAGGGGACTATGCCCAGTAGCTT,0.9810645848898527,0.9893617021276596,558.0,564.0
42,ASXL1 c.2245_2246insGG,AGGGAGT,GGGGAGT,2244,GGGGAGCCT,ATGGCTGGTCCCCAGTGGGAGCAAC,TGGGAGGCATCTCCTAGCCCATCTG,0.002472125039396936,0.006002400960384154,5.0,833.0
43,SF3B1 c.2098A>G,CTTCT,CTTTCT,2096,CTTCCT,ATGGCCAAAGCACTGATGGTCCGAA,GCTGCTCATCCACAAGACCATGTTC,8.265261159537971e-06,0.009685230024213076,32.0,3304.0
45,SF3B1 c.1998G>T,ATCT,ATCT,1997,ATAT,CATAAGAATAGCTATCTGTTGTACA,TAATACCAGTGTGTCTCGCTTGCCA,0.9810645848898527,0.9325396825396826,235.0,252.0
56,RUNX1 c.1103dupC,CGAGCC,CGGGCC,1099,CGGGGCC,GGTAGGAGGGCGAGCTGGCTTGGAA,TCCCTGCGCTTGCGACGAGCCGGGG,0.002472125039396936,0.002507716049382716,13.0,5184.0
87,NFE2 c.113_115,CCT,CCT,113,CTT,GATGGCTCACTTGGAGCATTCAGAC,GCAGCTCGGTGATGGACATGATCTC,0.9810646330903435,0.9880952380952381,747.0,756.0
95,DNMT3A c.2695C>T_extra,CGG,CGG,2694,CAGA,CTCCTTCAGCGGAGCGAAGAGGTGG,ATGACTGGCACGCTCCATGACCGGC,0.9810646330903435,0.8816029143897997,484.0,549.0
49,SRSF2 c.161C>T,GAAC,GGAC,159,GAAC,GAAAGCGAACGAAGGCGAAGCCGCG,TCCTTGGTGTAGCGGTCCCGCGGGA,0.0024721534072314534,0.0005788712011577424,4.0,6910.0
4,SETD2 c.4702A>G,TTGGC,TTGGC,4699,TCGGC,GACAAAGGTGTTCGAAGGAAGGTCT,AGCTCTCAAGCCCCAGCCTTTCTTT,0.9810645848898527,0.9502762430939227,344.0,362.0
52,CBL c.1259G>A,CCGGC,TCGGC,1256,TTGGC,TGGGTTCAGTACCTTTAATTTCACA,AGAAAGGACAGCCCTGACCTTCTGA,0.002472125039396936,0.017115960633290545,40.0,2337.0
30,ASXL1 c.4183C>G,CCCGT,CCAGT,4182,CCACT,AAGGGCATCCCTTCCAAGTGACCCA,TCCAGGGGACTATGCCCAGTAGCTT,0.002472125039396936,0.0017730496453900709,1.0,564.0
2,PPM1D c.1636_1639,ATCGG,ATCAGG,1635,ATCAGG,TAAGCCATTTCGTCTATGCTTCTTC,GGGCCAGAATTGGACTCTTCTAATG,1.0416487296041751e-05,0.023809523809523808,1.0,42.0
6,TET2 c.4021dupG,GCA,GCA,4020,GCCA,AATCTGATTATTATATGCATCAGGT,AGTTTCTTATATGTTGGTGCCATAA,0.9810645848898527,0.9858657243816255,279.0,283.0
7,NFE2 c.190_194del,GTAAGTT,AGTAAGTT,189,AGT,GAATCTGGGTGGATTGAGCAGGGGC,GTGGGTGGTGGAGGTCCAAGGTATG,0.003304870569043036,0.0036496350364963502,2.0,548.0
42,ASXL1 c.2245_2246insGG,GGGGAGT,GGGGAGT,2244,GGGGAGCCT,ATGGCTGGTCCCCAGTGGGAGCAAC,TGGGAGGCATCTCCTAGCCCATCTG,0.9810645848898527,0.9747899159663865,812.0,833.0
3,TP53 c.742C>T,CGGT,CGGT,740,CAGT,TGTGATGATGGTGAGGATGGGCCTC,TCATGCCGCCCATGCAGGAACTGTT,0.9810645848898527,0.9948186528497409,192.0,193.0
31,TP53 c.321C>G,CGT,CGT,320,CCT,GAATGCAAGAAGCCCAGACGGAAAC,AGCTGCCCTGGTAGGTTTTCTGGGA,0.9810645848898527,0.985981308411215,422.0,428.0
94,TP53 c.919_920,GC,GC,919,GTT,AGAGGAGCTGGTGTTGTTGGGCAGT,TCGCTTAGTGCTCCCTGGGGGCAGC,0.9810646330903435,0.9803149606299213,249.0,254.0
9,CALR c.1154_1155insTTGTC,CCGT,CCTT,1153,CCTGACAAT,TCCTCATCTTTGTCCTCATCATCCT,GTCCTCTGCCTCCTCCTCCTCTTTG,0.0024721448720532633,0.0002226923505177597,6.0,26943.0
17,SH2B3 c.894G>A,TCCAA,TCCA,892,TTCA,CCTGTGCACTCCGAGAGCTCAGCCA,TGAATTCAGCTGCTGCTCGTCTCCC,0.0033671867419323145,0.004187491557476698,31.0,7403.0
9,CALR c.1154_1155insTTGTC,CCTC,CCTT,1153,CCTGACAAT,TCCTCATCTTTGTCCTCATCATCCT,GTCCTCTGCCTCCTCCTCCTCTTTG,0.0024721534072314534,0.002932115948483836,79.0,26943.0
38,SETBP1 c.2602G>A,TCGC,TCGC,2600,TTGC,GTTGTTGTCTGTCCCAATGCCGCTG,TGGGGATCGTCTCCTCACTGTGGGA,0.9810645848898527,0.9703703703703703,131.0,135.0
7,NFE2 c.190_194del,AGTAAGTT,AGTAAGTT,189,AGT,GAATCTGGGTGGATTGAGCAGGGGC,GTGGGTGGTGGAGGTCCAAGGTATG,0.9810645848898527,0.9799270072992701,537.0,548.0
11,NRAS c.35G>A,CCCT,ACCT,33,ATCT,TTGTCAGTGCGCTTTTCCCAACACC,GCTCCAACCACCACCAGTTTGTACT,0.0024721534072314534,0.004244139046079224,21.0,4948.0
33,JAK2 c.3187_3189,TACGC,TACGC,3186,TACGC,TGTCCTTGTTTGTCATTGCCAATCA,ATAAATTCCGCTGGTGGACTTTTAC,0.9810645848898527,0.9264705882352942,252.0,272.0
17,SH2B3 c.894G>A,ACCA,TCCA,892,TTCA,CCTGTGCACTCCGAGAGCTCAGCCA,TGAATTCAGCTGCTGCTCGTCTCCC,0.002472125039396936,0.00040524111846548696,3.0,7403.0
89,TET2 c.4537_4539,TTC,TTC,4537,,TGACTGGTCCTGAAAGTCGCAAAAG,TGCCAACTGTTTAGCCTGGCTTGCG,0.9810646330903435,1.0,201.0,201.0
0,JAK2 c.1849G>T,CAC,CAC,1847,AAC,TGAACCAGAATATTCTCGTCTCCACAGA,ATACTCCATAATTTAAAACCAAATGCTTGTGAGAAAGCTTGCTC,0.9810645848898527,0.08542141230068337,150.0,1756.0
40,TET2 c.2439_2440insA,CGAT,CGAT,2438,CGATT,GGTCTGACTATAAGGGGAATTTCTA,TTATATTCTGTACTTCCTCCAGTCC,0.9810645848898527,0.9560975609756097,392.0,410.0
49,SRSF2 c.161C>T,GAC,GGAC,159,GAAC,GAAAGCGAACGAAGGCGAAGCCGCG,TCCTTGGTGTAGCGGTCCCGCGGGA,0.003304870569043036,0.005499276410998553,38.0,6910.0
11,NRAS c.35G>A,CCT,ACCT,33,ATCT,TTGTCAGTGCGCTTTTCCCAACACC,GCTCCAACCACCACCAGTTTGTACT,0.003304873070509295,0.004850444624090542,24.0,4948.0
9,CALR c.1154_1155insTTGTC,ACTT,CCTT,1153,CCTGACAAT,TCCTCATCTTTGTCCTCATCATCCT,GTCCTCTGCCTCCTCCTCCTCTTTG,0.0024721448720532633,0.0010392309690828788,28.0,26943.0
9,CALR c.1154_1155insTTGTC,CCTCATCCTCATCTTT,CCTT,1153,CCTGACAAT,TCCTCATCTTTGTCCTCATCATCCT,GTCCTCTGCCTCCTCCTCCTCTTTG,,0.0004082693092825595,11.0,26943.0
51,PTPN11 c.1508G>A,TCCC,TCCC,1507,TCTC,CGGTACTGTGCTTCTGTCTGGACCA,TGACCTCTGAGACCGCACCATCTGG,0.9810646330903435,0.9908536585365854,325.0,328.0
9,CALR c.1154_1155insTTGTC,TCTT,CCTT,1153,CCTGACAAT,TCCTCATCTTTGTCCTCATCATCCT,GTCCTCTGCCTCCTCCTCCTCTTTG,0.0024721448720532633,0.00037115391752959954,10.0,26943.0
17,SH2B3 c.894G>A,TCA,TCCA,892,TTCA,CCTGTGCACTCCGAGAGCTCAGCCA,TGAATTCAGCTGCTGCTCGTCTCCC,1.8681748455579722e-05,0.004997973794407673,37.0,7403.0
95,DNMT3A c.2695C>T_extra,CAG,CGG,2694,CAGA,CTCCTTCAGCGGAGCGAAGAGGTGG,ATGACTGGCACGCTCCATGACCGGC,0.0024721448720532633,0.08925318761384335,49.0,549.0
9,CALR c.1154_1155insTTGTC,T,CCTT,1153,CCTGACAAT,TCCTCATCTTTGTCCTCATCATCCT,GTCCTCTGCCTCCTCCTCCTCTTTG,1.2507234819458367e-06,0.006569424340273911,177.0,26943.0
22,TP53 c.78delT,GAAGTAGTT,GAAGTAGTT,71,GAGTAGTT,AAGGGGGACAGAACGTTGTTTTCAG,TCCATAGGTCTGAAAATGTTTCCTG,0.9810645848898527,0.9560439560439561,87.0,91.0
26,TET2 c.5618T>C,AAT,AAT,5617,AGT,CATGCAGCTCACGCTTTGCACACTC,GAGAATTGACCCATGAGTTGGAGCC,0.9810646330903435,0.9941860465116279,171.0,172.0
56,RUNX1 c.1103dupC,CGGACC,CGGGCC,1099,CGGGGCC,GGTAGGAGGGCGAGCTGGCTTGGAA,TCCCTGCGCTTGCGACGAGCCGGGG,0.002472125039396936,0.005208333333333333,27.0,5184.0
9,CALR c.1154_1155insTTGTC,CCTCTTCCTCATCTTTGTCCTCATCATCCTCCTT,CCTT,1153,CCTGACAAT,TCCTCATCTTTGTCCTCATCATCCT,GTCCTCTGCCTCCTCCTCCTCTTTG,,0.0017073080206361578,46.0,26943.0
97,ASXL1 c.2081_2099dup_1,T,,2070,,ATTTAGAGGATAAGGCGGCAGTAGT,TGTGTTCGCTGTAGATCTGACGTAC,0.005235102114356561,0.02032520325203252,35.0,1722.0
49,SRSF2 c.161C>T,GGAA,GGAC,159,GAAC,GAAAGCGAACGAAGGCGAAGCCGCG,TCCTTGGTGTAGCGGTCCCGCGGGA,0.0024721448720532633,0.0010130246020260492,7.0,6910.0
52,CBL c.1259G>A,TCGCC,TCGGC,1256,TTGGC,TGGGTTCAGTACCTTTAATTTCACA,AGAAAGGACAGCCCTGACCTTCTGA,0.002472125039396936,0.0012836970474967907,3.0,2337.0
9,CALR c.1154_1155insTTGTC,CCTCATCCTCATCTTTGTCCTCATCATCCTCCTT,CCTT,1153,CCTGACAAT,TCCTCATCTTTGTCCTCATCATCCT,GTCCTCTGCCTCCTCCTCCTCTTTG,,0.0035259622165311954,95.0,26943.0
15,ASXL1 c.1934dupG,CCC,CCC,1932,CCGGGCCACC,ATCGGTGGCCCCGCCGCCACCTCCACCCGGGCCA,CCCCCTCCGATGGCAGTGGTGGCC,0.9810838578904912,0.972027972027972,139.0,143.0
57,SH2B3 c.1033G>A,CCCCCCA,CCCCCCA,1032,CCCCCTA,TCTTCTGGCAGGCCGGGTCCAGCAG,GGAGAAGCACCTTGGTTAAGGGAAT,0.9810646330903435,0.9666666666666667,29.0,30.0
24,NFE2 c.714_716delinsAA,CATAGG,CGTAGG,712,CTTGG,CTACCGGCAAGTTGACAATCTTGTC,AAAAGGAATCTTCATGGCCAAGGCC,0.002472125039396936,0.027881040892193308,15.0,538.0
50,SH2B3 c.1527del,GAACC,GAGCC,1526,GAGC,ATCGCCCTGGGAGACCCTCTGGGCT,CCCGGGGACAGCCAGAAGAACTAAG,0.002472125039396936,0.0006389776357827476,3.0,4695.0
57,SH2B3 c.1033G>A,AAGAAGATC,CCCCCCA,1032,CCCCCTA,TCTTCTGGCAGGCCGGGTCCAGCAG,GGAGAAGCACCTTGGTTAAGGGAAT,,0.03333333333333333,1.0,30.0
44,EZH2 c.2064T>A,GATTT,GATTT,2061,GTTTT,GCATAGCAGTTTGGATTTACCGAAT,GCAAAACGAATTTTGTTACCCTTGC,0.9810645848898527,1.0,142.0,142.0
51,PTPN11 c.1508G>A,CCC,TCCC,1507,TCTC,CGGTACTGTGCTTCTGTCTGGACCA,TGACCTCTGAGACCGCACCATCTGG,0.0033162972607988996,0.006097560975609756,2.0,328.0
87,NFE2 c.113_115,CCC,CCT,113,CTT,GATGGCTCACTTGGAGCATTCAGAC,GCAGCTCGGTGATGGACATGATCTC,0.002480083509007629,0.005291005291005291,4.0,756.0
9,CALR c.1154_1155insTTGTC,CCT,CCTT,1153,CCTGACAAT,TCCTCATCTTTGTCCTCATCATCCT,GTCCTCTGCCTCCTCCTCCTCTTTG,0.00417330762203205,0.0002226923505177597,6.0,26943.0
52,CBL c.1259G>A,TCGTC,TCGGC,1256,TTGGC,TGGGTTCAGTACCTTTAATTTCACA,AGAAAGGACAGCCCTGACCTTCTGA,0.002472125039396936,0.0017115960633290544,4.0,2337.0
23,JAK2 c.731A>G,GCTTT,GGCTTT,730,GGCTCT,ACTTAAGTTTCAAGTTTCTGGCAGT,GCATTGGCTGAATTGCTGAATAAAT,0.003304870569043036,0.0035971223021582736,2.0,556.0
56,RUNX1 c.1103dupC,GGGCC,CGGGCC,1099,CGGGGCC,GGTAGGAGGGCGAGCTGGCTTGGAA,TCCCTGCGCTTGCGACGAGCCGGGG,0.003304873070509295,0.004243827160493827,22.0,5184.0
40,TET2 c.2439_2440insA,CGATT,CGAT,2438,CGATT,GGTCTGACTATAAGGGGAATTTCTA,TTATATTCTGTACTTCCTCCAGTCC,0.0033671867419323145,0.01951219512195122,8.0,410.0
50,SH2B3 c.1527del,GAGTC,GAGCC,1526,GAGC,ATCGCCCTGGGAGACCCTCTGGGCT,CCCGGGGACAGCCAGAAGAACTAAG,0.002472125039396936,0.00362087326943557,17.0,4695.0
0,JAK2 c.1849G>T,C,CAC,1847,AAC,TGAACCAGAATATTCTCGTCTCCACAGA,ATACTCCATAATTTAAAACCAAATGCTTGTGAGAAAGCTTGCTC,0.0008198538170710456,0.0011389521640091116,2.0,1756.0
0,JAK2 c.1849G>T,AC,CAC,1847,AAC,TGAACCAGAATATTCTCGTCTCCACAGA,ATACTCCATAATTTAAAACCAAATGCTTGTGAGAAAGCTTGCTC,0.0033058749576183166,0.022779043280182234,40.0,1756.0
17,SH2B3 c.894G>A,CCA,TCCA,892,TTCA,CCTGTGCACTCCGAGAGCTCAGCCA,TGAATTCAGCTGCTGCTCGTCTCCC,0.003304873070509295,0.002836687829258409,21.0,7403.0
17,SH2B3 c.894G>A,,TCCA,892,TTCA,CCTGTGCACTCCGAGAGCTCAGCCA,TGAATTCAGCTGCTGCTCGTCTCCC,1.5744701285354722e-07,0.006483857895447791,48.0,7403.0
43,SF3B1 c.2098A>G,CTATCT,CTTTCT,2096,CTTCCT,ATGGCCAAAGCACTGATGGTCCGAA,GCTGCTCATCCACAAGACCATGTTC,0.002472125039396936,0.001513317191283293,5.0,3304.0
52,CBL c.1259G>A,TCGAC,TCGGC,1256,TTGGC,TGGGTTCAGTACCTTTAATTTCACA,AGAAAGGACAGCCCTGACCTTCTGA,0.002472125039396936,0.009413778348309799,22.0,2337.0
56,RUNX1 c.1103dupC,CAGGCC,CGGGCC,1099,CGGGGCC,GGTAGGAGGGCGAGCTGGCTTGGAA,TCCCTGCGCTTGCGACGAGCCGGGG,0.002472125039396936,0.0015432098765432098,8.0,5184.0
23,JAK2 c.731A>G,GACTTT,GGCTTT,730,GGCTCT,ACTTAAGTTTCAAGTTTCTGGCAGT,GCATTGGCTGAATTGCTGAATAAAT,0.002472125039396936,0.00539568345323741,3.0,556.0
8,PPM1D c.1547C>A,GGAGTTGACA,GGAGTTGACA,1544,GGAGTTTACA,AATTTCTTGGGCTTTCATTTGGCCA,TCTTCAAATTTTTTTGGTCCATGAC,0.9810645848898527,0.9761904761904762,41.0,42.0
17,SH2B3 c.894G>A,TCCAT,TCCA,892,TTCA,CCTGTGCACTCCGAGAGCTCAGCCA,TGAATTCAGCTGCTGCTCGTCTCCC,0.0033671867419323145,0.001756044846683777,13.0,7403.0
13,IDH1 c.395G>A,ACGA,ACGA,393,ATGA,CTCTGTATTGATCCCCATAAGCATG,CCTATGATGATAGGTTTTACCCATC,0.9810645848898527,0.9577464788732394,68.0,71.0
19,ZRSR2 c.884G>C,GTCAT,GTCGT,882,GTGGT,ACGGGGCAGAATTCACACTGCAGCT,CCTGCATACCATCGTCCGTTAAACA,0.002472125039396936,0.005084745762711864,3.0,590.0
25,TET2 c.685dupA,GT,GTT,684,GTTT,ACAATCTGGATAATATTGAGACAGT,TTTTCCAGGAGTTCACCATGTGTGT,0.004173310123498309,0.07692307692307693,29.0,377.0
52,CBL c.1259G>A,TCGC,TCGGC,1256,TTGGC,TGGGTTCAGTACCTTTAATTTCACA,AGAAAGGACAGCCCTGACCTTCTGA,1.0416487296041751e-05,0.01069747539580659,25.0,2337.0
40,TET2 c.2439_2440insA,AGAT,CGAT,2438,CGATT,GGTCTGACTATAAGGGGAATTTCTA,TTATATTCTGTACTTCCTCCAGTCC,0.002472125039396936,0.007317073170731708,3.0,410.0
17,SH2B3 c.894G>A,CCCA,TCCA,892,TTCA,CCTGTGCACTCCGAGAGCTCAGCCA,TGAATTCAGCTGCTGCTCGTCTCCC,0.0024721534072314534,0.001215723355396461,9.0,7403.0
43,SF3B1 c.2098A>G,TTCT,CTTTCT,2096,CTTCCT,ATGGCCAAAGCACTGATGGTCCGAA,GCTGCTCATCCACAAGACCATGTTC,0.00029360887694812653,0.0003026634382566586,1.0,3304.0
17,SH2B3 c.894G>A,TCCT,TCCA,892,TTCA,CCTGTGCACTCCGAGAGCTCAGCCA,TGAATTCAGCTGCTGCTCGTCTCCC,0.002472125039396936,0.0032419289477238957,24.0,7403.0
9,CALR c.1154_1155insTTGTC,CCAT,CCTT,1153,CCTGACAAT,TCCTCATCTTTGTCCTCATCATCCT,GTCCTCTGCCTCCTCCTCCTCTTTG,0.0024721448720532633,0.0008536540103180789,23.0,26943.0
43,SF3B1 c.2098A>G,CTTCCT,CTTTCT,2096,CTTCCT,ATGGCCAAAGCACTGATGGTCCGAA,GCTGCTCATCCACAAGACCATGTTC,0.002472125039396936,0.015738498789346248,52.0,3304.0
27,U2AF1 c.470A>C,CTG,ACTG,469,ACGG,CCTCGTGTGCATTCTCCCATCTCAT,ACGGCAGCAGGCTTCTCTGAAGTCC,0.003304870569043036,0.0017113519680547634,3.0,1753.0
39,ASXL1 c.2535del,CTGG,CTGG,2534,CTG,AGTCGGTGAGGATTCAGGTGTGGAA,GGGTCACATTTACAGGATCCTTCAT,0.9810645848898527,0.9607843137254902,49.0,51.0
1,TP53 c.536A>G,ATG,ATG,535,ACG,GACCATCGCTATCTGAGCAGCGCTC,GTGGGGGCAGCGCCTCACAACCTCC,0.9810645848898527,1.0,23.0,23.0
97,ASXL1 c.2081_2099dup_1,TGT,,2070,,ATTTAGAGGATAAGGCGGCAGTAGT,TGTGTTCGCTGTAGATCTGACGTAC,,0.003484320557491289,6.0,1722.0
43,SF3B1 c.2098A>G,TTTCT,CTTTCT,2096,CTTCCT,ATGGCCAAAGCACTGATGGTCCGAA,GCTGCTCATCCACAAGACCATGTTC,0.003304870569043036,0.003934624697336562,13.0,3304.0
11,NRAS c.35G>A,GCCT,ACCT,33,ATCT,TTGTCAGTGCGCTTTTCCCAACACC,GCTCCAACCACCACCAGTTTGTACT,0.002472125039396936,0.0014147130153597412,7.0,4948.0
17,SH2B3 c.894G>A,TCCC,TCCA,892,TTCA,CCTGTGCACTCCGAGAGCTCAGCCA,TGAATTCAGCTGCTGCTCGTCTCCC,0.0024721448720532633,0.0022963663379710927,17.0,7403.0
36,TET2 c.2790_2791del,GGCA,GGCA,2789,GA,CTGAGTGTGACTTCCTCCCTGGTCA,CAGGAAAAACATTTGCATGGTTATG,0.9810645848898527,0.9411764705882353,16.0,17.0
20,TP53 c.830G>A,GGACA,GGACA,829,GGATA,TTCCTCTGTGCGCCGGTCTCTCCCA,GGCACAAACACGCACCTCAAAGCTG,0.9810645848898527,1.0,66.0,66.0
10,IDH2 c.419G>A,CCGAAT,CCGGAT,415,CTGGAT,GGAAGACAGTCCCCCCCAGGATGTT,AGTTCCATTGGGACTTTTCCACATC,0.002472125039396936,0.005583126550868486,9.0,1612.0
54,GATA2 c.1192C>T,AGT,GGT,1190,AGT,TTCTTGGACTTGTTGGACATCTTCC,TCCGAGTCTGGATCCCTTCCTTCTT,0.0024721448720532633,0.0036199095022624436,4.0,1105.0
34,TET2 c.2908dupA,ATTT,GTT,2907,GTTT,GTGCATCTGACTATGGCAAGACTCA,TGGGGTTGCTGTGTTTGCTGCTGTT,1.3191615740724873e-05,0.0006706908115358819,1.0,1491.0
10,IDH2 c.419G>A,CGGAT,CCGGAT,415,CTGGAT,GGAAGACAGTCCCCCCCAGGATGTT,AGTTCCATTGGGACTTTTCCACATC,0.003304870569043036,0.019230769230769232,31.0,1612.0
5,EZH2 c.453_455del,ATTTTTTAT,ATTTTTTAT,448,ATTTAT,TATCCCCGTGTACTTTCCCATCATA,TAGTTCTTCAATGAAAGTACCATCC,0.9810645848898527,0.875,35.0,40.0
18,JAK2 c.892T>C,CCCT,CACT,890,CGCT,ACTTTCTTTATGTTTCCCTCTTGAC,GAATTCCACCGTTTCCAGTTATTAT,0.002472125039396936,0.004366812227074236,5.0,1145.0
10,IDH2 c.419G>A,CCGGGT,CCGGAT,415,CTGGAT,GGAAGACAGTCCCCCCCAGGATGTT,AGTTCCATTGGGACTTTTCCACATC,0.002472125039396936,0.0018610421836228288,3.0,1612.0
50,SH2B3 c.1527del,GCC,GAGCC,1526,GAGC,ATCGCCCTGGGAGACCCTCTGGGCT,CCCGGGGACAGCCAGAAGAACTAAG,0.00029360887694812653,0.0006389776357827476,3.0,4695.0
9,CALR c.1154_1155insTTGTC,CTTT,CCTT,1153,CCTGACAAT,TCCTCATCTTTGTCCTCATCATCCT,GTCCTCTGCCTCCTCCTCCTCTTTG,0.0024834679382593314,0.0005938462680473592,16.0,26943.0
43,SF3B1 c.2098A>G,CTTACT,CTTTCT,2096,CTTCCT,ATGGCCAAAGCACTGATGGTCCGAA,GCTGCTCATCCACAAGACCATGTTC,0.002472125039396936,0.0012106537530266344,4.0,3304.0
9,CALR c.1154_1155insTTGTC,CTCATCCTCATCTTTGTCCTCATCATCCTCCTT,CCTT,1153,CCTGACAAT,TCCTCATCTTTGTCCTCATCATCCT,GTCCTCTGCCTCCTCCTCCTCTTTG,,0.0005196154845414394,14.0,26943.0
9,CALR c.1154_1155insTTGTC,CCTTGTCCTCTGCCTCCTC,CCTT,1153,CCTGACAAT,TCCTCATCTTTGTCCTCATCATCCT,GTCCTCTGCCTCCTCCTCCTCTTTG,,0.00011134617525887985,3.0,26943.0
2,PPM1D c.1636_1639,ATCAGG,ATCAGG,1635,ATCAGG,TAAGCCATTTCGTCTATGCTTCTTC,GGGCCAGAATTGGACTCTTCTAATG,0.9810645848898527,0.9761904761904762,41.0,42.0
52,CBL c.1259G>A,TAGGAATC,TCGGC,1256,TTGGC,TGGGTTCAGTACCTTTAATTTCACA,AGAAAGGACAGCCCTGACCTTCTGA,,0.0004278990158322636,1.0,2337.0
10,IDH2 c.419G>A,CCAGAT,CCGGAT,415,CTGGAT,GGAAGACAGTCCCCCCCAGGATGTT,AGTTCCATTGGGACTTTTCCACATC,0.002472125039396936,0.0018610421836228288,3.0,1612.0
11,NRAS c.35G>A,T,ACCT,33,ATCT,TTGTCAGTGCGCTTTTCCCAACACC,GCTCCAACCACCACCAGTTTGTACT,7.438153402898071e-09,0.002223120452708165,11.0,4948.0
52,CBL c.1259G>A,CGGC,TCGGC,1256,TTGGC,TGGGTTCAGTACCTTTAATTTCACA,AGAAAGGACAGCCCTGACCTTCTGA,0.003304870569043036,0.004278990158322636,10.0,2337.0
24,NFE2 c.714_716delinsAA,CGTAGGA,CGTAGG,712,CTTGG,CTACCGGCAAGTTGACAATCTTGTC,AAAAGGAATCTTCATGGCCAAGGCC,0.0033671867419323145,0.020446096654275093,11.0,538.0
38,SETBP1 c.2602G>A,TCAC,TCGC,2600,TTGC,GTTGTTGTCTGTCCCAATGCCGCTG,TGGGGATCGTCTCCTCACTGTGGGA,0.002472125039396936,0.014814814814814815,2.0,135.0
12,TP53 c.659A>G,TA,TA,658,CA,GTCAGAGCCAACCTCAGGCGGCTCA,GGGCACCACCACACTATGTCGAAAA,0.9810646330903435,0.8947368421052632,17.0,19.0
15,ASXL1 c.1934dupG,CC,CCC,1932,CCGGGCCACC,ATCGGTGGCCCCGCCGCCACCTCCACCCGGGCCA,CCCCCTCCGATGGCAGTGGTGGCC,0.007471920047497374,0.013986013986013986,2.0,143.0
52,CBL c.1259G>A,TCAGC,TCGGC,1256,TTGGC,TGGGTTCAGTACCTTTAATTTCACA,AGAAAGGACAGCCCTGACCTTCTGA,0.002472125039396936,0.004278990158322636,10.0,2337.0
46,ASXL1 c.1815C>A,GGCA,GGCA,1813,GTCA,AGGGTCCTGGCGCCAGTCCAACCCC,GGAGGACTCCGTGGTGGGGATGATC,0.9810645848898527,0.9259259259259259,25.0,27.0
4,SETD2 c.4702A>G,TGGC,TTGGC,4699,TCGGC,GACAAAGGTGTTCGAAGGAAGGTCT,AGCTCTCAAGCCCCAGCCTTTCTTT,0.003304870569043036,0.013812154696132596,5.0,362.0
95,DNMT3A c.2695C>T_extra,CGGA,CGG,2694,CAGA,CTCCTTCAGCGGAGCGAAGAGGTGG,ATGACTGGCACGCTCCATGACCGGC,0.0033671867419323145,0.0036429872495446266,2.0,549.0
9,CALR c.1154_1155insTTGTC,TCCTCATCTTTGTCCTCATCATCCTCCTT,CCTT,1153,CCTGACAAT,TCCTCATCTTTGTCCTCATCATCCT,GTCCTCTGCCTCCTCCTCCTCTTTG,,3.711539175295995e-05,1.0,26943.0
50,SH2B3 c.1527del,GAGNC,GAGCC,1526,GAGC,ATCGCCCTGGGAGACCCTCTGGGCT,CCCGGGGACAGCCAGAAGAACTAAG,0.002472125039396936,0.00021299254526091586,1.0,4695.0
23,JAK2 c.731A>G,AGCTTT,GGCTTT,730,GGCTCT,ACTTAAGTTTCAAGTTTCTGGCAGT,GCATTGGCTGAATTGCTGAATAAAT,0.002472125039396936,0.0017985611510791368,1.0,556.0
9,CALR c.1154_1155insTTGTC,CCCT,CCTT,1153,CCTGACAAT,TCCTCATCTTTGTCCTCATCATCCT,GTCCTCTGCCTCCTCCTCCTCTTTG,0.002480055141173112,0.00033403852577663955,9.0,26943.0
18,JAK2 c.892T>C,CGCT,CACT,890,CGCT,ACTTTCTTTATGTTTCCCTCTTGAC,GAATTCCACCGTTTCCAGTTATTAT,0.002472125039396936,0.0026200873362445414,3.0,1145.0
24,NFE2 c.714_716delinsAA,CGTAGA,CGTAGG,712,CTTGG,CTACCGGCAAGTTGACAATCTTGTC,AAAAGGAATCTTCATGGCCAAGGCC,0.002472125039396936,0.013011152416356878,7.0,538.0
0,JAK2 c.1849G>T,AAT,CAC,1847,AAC,TGAACCAGAATATTCTCGTCTCCACAGA,ATACTCCATAATTTAAAACCAAATGCTTGTGAGAAAGCTTGCTC,2.836783451736667e-08,0.0011389521640091116,2.0,1756.0
96,PPM1D c.1338del_extra,TCTGA,TCTGA,1336,TCGA,CTCAGCTGAAACCTCTAAAAAATTC,GAAGGCATTGCTACGAACCAGGGCA,0.9810645848898527,0.8888888888888888,8.0,9.0
4,SETD2 c.4702A>G,TTGCC,TTGGC,4699,TCGGC,GACAAAGGTGTTCGAAGGAAGGTCT,AGCTCTCAAGCCCCAGCCTTTCTTT,0.0024721534072314534,0.008287292817679558,3.0,362.0
11,NRAS c.35G>A,ACGT,ACCT,33,ATCT,TTGTCAGTGCGCTTTTCCCAACACC,GCTCCAACCACCACCAGTTTGTACT,0.002472125039396936,0.0012126111560226355,6.0,4948.0
0,JAK2 c.1849G>T,TAC,CAC,1847,AAC,TGAACCAGAATATTCTCGTCTCCACAGA,ATACTCCATAATTTAAAACCAAATGCTTGTGAGAAAGCTTGCTC,0.002472125039396936,0.0011389521640091116,2.0,1756.0
45,SF3B1 c.1998G>T,ACT,ATCT,1997,ATAT,CATAAGAATAGCTATCTGTTGTACA,TAATACCAGTGTGTCTCGCTTGCCA,8.26774815304775e-06,0.011904761904761904,3.0,252.0
30,ASXL1 c.4183C>G,GT,CCAGT,4182,CCACT,AAGGGCATCCCTTCCAAGTGACCCA,TCCAGGGGACTATGCCCAGTAGCTT,,0.0035460992907801418,2.0,564.0
33,JAK2 c.3187_3189,TACAC,TACGC,3186,TACGC,TGTCCTTGTTTGTCATTGCCAATCA,ATAAATTCCGCTGGTGGACTTTTAC,0.002472125039396936,0.014705882352941176,4.0,272.0
40,TET2 c.2439_2440insA,GAT,CGAT,2438,CGATT,GGTCTGACTATAAGGGGAATTTCTA,TTATATTCTGTACTTCCTCCAGTCC,0.003304870569043036,0.004878048780487805,2.0,410.0
17,SH2B3 c.894G>A,TCAA,TCCA,892,TTCA,CCTGTGCACTCCGAGAGCTCAGCCA,TGAATTCAGCTGCTGCTCGTCTCCC,0.0024721534072314534,0.000675401864109145,5.0,7403.0
48,ASXL1 c.1636C>T,TGC,TGA,1635,TAA,ACTTTCAATTGTGTTACGAAAGGAC,CGATCTTCAAGCCGGGGCTTCTTTT,0.002472125039396936,0.0028694404591104736,2.0,697.0
50,SH2B3 c.1527del,GAGGC,GAGCC,1526,GAGC,ATCGCCCTGGGAGACCCTCTGGGCT,CCCGGGGACAGCCAGAAGAACTAAG,0.002472125039396936,0.0004259850905218317,2.0,4695.0
19,ZRSR2 c.884G>C,ATCGT,GTCGT,882,GTGGT,ACGGGGCAGAATTCACACTGCAGCT,CCTGCATACCATCGTCCGTTAAACA,0.002472125039396936,0.006779661016949152,4.0,590.0
25,TET2 c.685dupA,GTTT,GTT,684,GTTT,ACAATCTGGATAATATTGAGACAGT,TTTTCCAGGAGTTCACCATGTGTGT,0.0033718935883874468,0.06896551724137931,26.0,377.0
9,CALR c.1154_1155insTTGTC,CCTCGTCCTCATCTTTGTCCTCATCATCCTCCTT,CCTT,1153,CCTGACAAT,TCCTCATCTTTGTCCTCATCATCCT,GTCCTCTGCCTCCTCCTCCTCTTTG,,7.42307835059199e-05,2.0,26943.0
9,CALR c.1154_1155insTTGTC,CCTCATCCTCATCTTTGTATCTTCCTCATCTTT,CCTT,1153,CCTGACAAT,TCCTCATCTTTGTCCTCATCATCCT,GTCCTCTGCCTCCTCCTCCTCTTTG,,3.711539175295995e-05,1.0,26943.0
19,ZRSR2 c.884G>C,GCCGT,GTCGT,882,GTGGT,ACGGGGCAGAATTCACACTGCAGCT,CCTGCATACCATCGTCCGTTAAACA,0.002472125039396936,0.003389830508474576,2.0,590.0
47,KRAS c.173C>T,CTAT,CTGT,172,CTAT,ATTGCACTGTACTCCTCTTGACCTG,GTCGAGAATATCCAAGAGACAGGTT,0.002472125039396936,0.003177124702144559,4.0,1259.0
6,TET2 c.4021dupG,CCA,GCA,4020,GCCA,AATCTGATTATTATATGCATCAGGT,AGTTTCTTATATGTTGGTGCCATAA,0.0024721534072314534,0.007067137809187279,2.0,283.0
50,SH2B3 c.1527del,GAGT,GAGCC,1526,GAGC,ATCGCCCTGGGAGACCCTCTGGGCT,CCCGGGGACAGCCAGAAGAACTAAG,1.0416487296041751e-05,0.00021299254526091586,1.0,4695.0
56,RUNX1 c.1103dupC,CGGCC,CGGGCC,1099,CGGGGCC,GGTAGGAGGGCGAGCTGGCTTGGAA,TCCCTGCGCTTGCGACGAGCCGGGG,1.8681748455579722e-05,0.003279320987654321,17.0,5184.0
41,ASXL1 c.2407C>T,TACT,TGCT,2405,TACT,ATTGTCTGCAGGAACGGTGGGTCCT,CCTCATCATCACTTTCCCAGGAAGT,0.002472125039396936,0.010752688172043012,7.0,651.0
28,TP53 c.455dupC,GGGCGG,GGGCGG,454,GGGCGGG,TGGCCATGGCGCGGACGCGGGTGCC,GGGTGTGGAATCAACCCACAGCTGC,0.9810645848898527,1.0,10.0,10.0
87,NFE2 c.113_115,CT,CCT,113,CTT,GATGGCTCACTTGGAGCATTCAGAC,GCAGCTCGGTGATGGACATGATCTC,0.003315292044798846,0.003968253968253968,3.0,756.0
49,SRSF2 c.161C>T,AGAC,GGAC,159,GAAC,GAAAGCGAACGAAGGCGAAGCCGCG,TCCTTGGTGTAGCGGTCCCGCGGGA,0.002472125039396936,0.0008683068017366136,6.0,6910.0
33,JAK2 c.3187_3189,TACCC,TACGC,3186,TACGC,TGTCCTTGTTTGTCATTGCCAATCA,ATAAATTCCGCTGGTGGACTTTTAC,0.002472125039396936,0.022058823529411766,6.0,272.0
55,RRAS c.116G>T,GCCG,GCCG,114,GACG,GGATGGTCAGCGCGCTCTTGCCCAC,CCGCCGCCCACGACCACCAGCTTGT,0.9810645848898527,0.6,3.0,5.0
40,TET2 c.2439_2440insA,CGAA,CGAT,2438,CGATT,GGTCTGACTATAAGGGGAATTTCTA,TTATATTCTGTACTTCCTCCAGTCC,0.002472125039396936,0.0024390243902439024,1.0,410.0
9,CALR c.1154_1155insTTGTC,CCTTT,CCTT,1153,CCTGACAAT,TCCTCATCTTTGTCCTCATCATCCT,GTCCTCTGCCTCCTCCTCCTCTTTG,0.0033718935883874468,0.00011134617525887985,3.0,26943.0
54,GATA2 c.1192C>T,AACAAG,GGT,1190,AGT,TTCTTGGACTTGTTGGACATCTTCC,TCCGAGTCTGGATCCCTTCCTTCTT,,0.0027149321266968325,3.0,1105.0
7,NFE2 c.190_194del,AGTAAATT,AGTAAGTT,189,AGT,GAATCTGGGTGGATTGAGCAGGGGC,GTGGGTGGTGGAGGTCCAAGGTATG,0.002472125039396936,0.0018248175182481751,1.0,548.0
21,NFE2 c.817C>T,AT,CGT,816,CAT,CTGGGCTGCCACCTTGTTTTTGCCC,CGTCGGATGTCCCGGACTAGCGCTA,8.270249619306611e-06,0.004893964110929853,6.0,1226.0
9,CALR c.1154_1155insTTGTC,GTATCACT,CCTT,1153,CCTGACAAT,TCCTCATCTTTGTCCTCATCATCCT,GTCCTCTGCCTCCTCCTCCTCTTTG,,0.0005196154845414394,14.0,26943.0
55,RRAS c.116G>T,ACCG,GCCG,114,GACG,GGATGGTCAGCGCGCTCTTGCCCAC,CCGCCGCCCACGACCACCAGCTTGT,0.002472125039396936,0.4,2.0,5.0
11,NRAS c.35G>A,TCCT,ACCT,33,ATCT,TTGTCAGTGCGCTTTTCCCAACACC,GCTCCAACCACCACCAGTTTGTACT,0.002472125039396936,0.0010105092966855296,5.0,4948.0
27,U2AF1 c.470A>C,ATG,ACTG,469,ACGG,CCTCGTGTGCATTCTCCCATCTCAT,ACGGCAGCAGGCTTCTCTGAAGTCC,8.265261159537971e-06,0.0017113519680547634,3.0,1753.0
11,NRAS c.35G>A,ACCA,ACCT,33,ATCT,TTGTCAGTGCGCTTTTCCCAACACC,GCTCCAACCACCACCAGTTTGTACT,0.002472125039396936,0.0004042037186742118,2.0,4948.0
9,CALR c.1154_1155insTTGTC,CATT,CCTT,1153,CCTGACAAT,TCCTCATCTTTGTCCTCATCATCCT,GTCCTCTGCCTCCTCCTCCTCTTTG,0.0024721534072314534,0.0004825000927884794,13.0,26943.0
27,U2AF1 c.470A>C,ACT,ACTG,469,ACGG,CCTCGTGTGCATTCTCCCATCTCAT,ACGGCAGCAGGCTTCTCTGAAGTCC,0.004165039873879003,0.0011409013120365088,2.0,1753.0
56,RUNX1 c.1103dupC,CGTGCC,CGGGCC,1099,CGGGGCC,GGTAGGAGGGCGAGCTGGCTTGGAA,TCCCTGCGCTTGCGACGAGCCGGGG,0.002472125039396936,0.00019290123456790122,1.0,5184.0
9,CALR c.1154_1155insTTGTC,CTTCCTCTGT,CCTT,1153,CCTGACAAT,TCCTCATCTTTGTCCTCATCATCCT,GTCCTCTGCCTCCTCCTCCTCTTTG,,0.00033403852577663955,9.0,26943.0
22,TP53 c.78delT,GAAGTAGTTT,GAAGTAGTT,71,GAGTAGTT,AAGGGGGACAGAACGTTGTTTTCAG,TCCATAGGTCTGAAAATGTTTCCTG,0.0033671867419323145,0.04395604395604396,4.0,91.0
33,JAK2 c.3187_3189,TACGCA,TACGC,3186,TACGC,TGTCCTTGTTTGTCATTGCCAATCA,ATAAATTCCGCTGGTGGACTTTTAC,0.0033671867419323145,0.007352941176470588,2.0,272.0
49,SRSF2 c.161C>T,GTAC,GGAC,159,GAAC,GAAAGCGAACGAAGGCGAAGCCGCG,TCCTTGGTGTAGCGGTCCCGCGGGA,0.002472125039396936,0.0002894356005788712,2.0,6910.0
7,NFE2 c.190_194del,CGTAAGTT,AGTAAGTT,189,AGT,GAATCTGGGTGGATTGAGCAGGGGC,GTGGGTGGTGGAGGTCCAAGGTATG,0.002472125039396936,0.0018248175182481751,1.0,548.0
38,SETBP1 c.2602G>A,CGTAATTGGAGCATGTCGTCA,TCGC,2600,TTGC,GTTGTTGTCTGTCCCAATGCCGCTG,TGGGGATCGTCTCCTCACTGTGGGA,,0.007407407407407408,1.0,135.0
49,SRSF2 c.161C>T,GGCC,GGAC,159,GAAC,GAAAGCGAACGAAGGCGAAGCCGCG,TCCTTGGTGTAGCGGTCCCGCGGGA,0.0024721534072314534,0.0001447178002894356,1.0,6910.0
43,SF3B1 c.2098A>G,CTTTCC,CTTTCT,2096,CTTCCT,ATGGCCAAAGCACTGATGGTCCGAA,GCTGCTCATCCACAAGACCATGTTC,0.002472125039396936,0.0009079903147699758,3.0,3304.0
31,TP53 c.321C>G,CTT,CGT,320,CCT,GAATGCAAGAAGCCCAGACGGAAAC,AGCTGCCCTGGTAGGTTTTCTGGGA,0.0024721534072314534,0.002336448598130841,1.0,428.0
50,SH2B3 c.1527del,GAGCA,GAGCC,1526,GAGC,ATCGCCCTGGGAGACCCTCTGGGCT,CCCGGGGACAGCCAGAAGAACTAAG,0.002472125039396936,0.00021299254526091586,1.0,4695.0
9,CALR c.1154_1155insTTGTC,CTTTGTCCTCATCATCCTCCTT,CCTT,1153,CCTGACAAT,TCCTCATCTTTGTCCTCATCATCCT,GTCCTCTGCCTCCTCCTCCTCTTTG,,3.711539175295995e-05,1.0,26943.0
17,SH2B3 c.894G>A,AACA,TCCA,892,TTCA,CCTGTGCACTCCGAGAGCTCAGCCA,TGAATTCAGCTGCTGCTCGTCTCCC,,0.00013508037282182898,1.0,7403.0
32,TET2 c.3218G>A,TTC,GTTC,"[3217, 3280]",GTTC,TCTAAAGCTGGGGTGTGGCTATCAA,TGCAGCAGTGGTTTGTCTAGTCAAA,0.003304873070509295,0.007905138339920948,4.0,506.0
4,SETD2 c.4702A>G,TTGAC,TTGGC,4699,TCGGC,GACAAAGGTGTTCGAAGGAAGGTCT,AGCTCTCAAGCCCCAGCCTTTCTTT,0.002472125039396936,0.008287292817679558,3.0,362.0
48,ASXL1 c.1636C>T,TAA,TGA,1635,TAA,ACTTTCAATTGTGTTACGAAAGGAC,CGATCTTCAAGCCGGGGCTTCTTTT,0.0024721534072314534,0.0028694404591104736,2.0,697.0
9,CALR c.1154_1155insTTGTC,CATCTTTGTCCTCATCATCCTCCTT,CCTT,1153,CCTGACAAT,TCCTCATCTTTGTCCTCATCATCCT,GTCCTCTGCCTCCTCCTCCTCTTTG,,7.42307835059199e-05,2.0,26943.0
25,TET2 c.685dupA,GTTTTT,GTT,684,GTTT,ACAATCTGGATAATATTGAGACAGT,TTTTCCAGGAGTTCACCATGTGTGT,,0.007957559681697613,3.0,377.0
27,U2AF1 c.470A>C,CCTG,ACTG,469,ACGG,CCTCGTGTGCATTCTCCCATCTCAT,ACGGCAGCAGGCTTCTCTGAAGTCC,0.002472125039396936,0.0011409013120365088,2.0,1753.0
52,CBL c.1259G>A,TCCGC,TCGGC,1256,TTGGC,TGGGTTCAGTACCTTTAATTTCACA,AGAAAGGACAGCCCTGACCTTCTGA,0.002472125039396936,0.0004278990158322636,1.0,2337.0
52,CBL c.1259G>A,CCGAC,TCGGC,1256,TTGGC,TGGGTTCAGTACCTTTAATTTCACA,AGAAAGGACAGCCCTGACCTTCTGA,,0.0004278990158322636,1.0,2337.0
95,DNMT3A c.2695C>T_extra,GG,CGG,2694,CAGA,CTCCTTCAGCGGAGCGAAGAGGTGG,ATGACTGGCACGCTCCATGACCGGC,0.0033162972607988996,0.007285974499089253,4.0,549.0
52,CBL c.1259G>A,ACGGC,TCGGC,1256,TTGGC,TGGGTTCAGTACCTTTAATTTCACA,AGAAAGGACAGCCCTGACCTTCTGA,0.002472125039396936,0.002139495079161318,5.0,2337.0
92,TP53 c.373_375,GT,CGT,373,,ACATCTTGTTGAGGGCAGGGGAGTA,GCAAGTCACAGACTTGGCTGTCCCA,0.0033048755575028044,0.002066115702479339,1.0,484.0
11,NRAS c.35G>A,ACCC,ACCT,33,ATCT,TTGTCAGTGCGCTTTTCCCAACACC,GCTCCAACCACCACCAGTTTGTACT,0.0024721448720532633,0.0006063055780113178,3.0,4948.0
17,SH2B3 c.894G>A,TCCG,TCCA,892,TTCA,CCTGTGCACTCCGAGAGCTCAGCCA,TGAATTCAGCTGCTGCTCGTCTCCC,0.002472125039396936,0.0005403214912873159,4.0,7403.0
43,SF3B1 c.2098A>G,CCTTCT,CTTTCT,2096,CTTCCT,ATGGCCAAAGCACTGATGGTCCGAA,GCTGCTCATCCACAAGACCATGTTC,0.002472125039396936,0.0009079903147699758,3.0,3304.0
19,ZRSR2 c.884G>C,AGCGT,GTCGT,882,GTGGT,ACGGGGCAGAATTCACACTGCAGCT,CCTGCATACCATCGTCCGTTAAACA,,0.001694915254237288,1.0,590.0
33,JAK2 c.3187_3189,TCCAC,TACGC,3186,TACGC,TGTCCTTGTTTGTCATTGCCAATCA,ATAAATTCCGCTGGTGGACTTTTAC,,0.003676470588235294,1.0,272.0
46,ASXL1 c.1815C>A,GCA,GGCA,1813,GTCA,AGGGTCCTGGCGCCAGTCCAACCCC,GGAGGACTCCGTGGTGGGGATGATC,0.003304870569043036,0.037037037037037035,1.0,27.0
50,SH2B3 c.1527del,GAGC,GAGCC,1526,GAGC,ATCGCCCTGGGAGACCCTCTGGGCT,CCCGGGGACAGCCAGAAGAACTAAG,0.004165039873879004,0.0012779552715654952,6.0,4695.0
21,NFE2 c.817C>T,CGC,CGT,816,CAT,CTGGGCTGCCACCTTGTTTTTGCCC,CGTCGGATGTCCCGGACTAGCGCTA,0.002472125039396936,0.0008156606851549756,1.0,1226.0
49,SRSF2 c.161C>T,GGGC,GGAC,159,GAAC,GAAAGCGAACGAAGGCGAAGCCGCG,TCCTTGGTGTAGCGGTCCCGCGGGA,0.0024721448720532633,0.0004341534008683068,3.0,6910.0
25,TET2 c.685dupA,GATT,GTT,684,GTTT,ACAATCTGGATAATATTGAGACAGT,TTTTCCAGGAGTTCACCATGTGTGT,1.3191615740724873e-05,0.002652519893899204,1.0,377.0
45,SF3B1 c.1998G>T,ACTT,ATCT,1997,ATAT,CATAAGAATAGCTATCTGTTGTACA,TAATACCAGTGTGTCTCGCTTGCCA,2.836783451736667e-08,0.007936507936507936,2.0,252.0
9,CALR c.1154_1155insTTGTC,C,CCTT,1153,CCTGACAAT,TCCTCATCTTTGTCCTCATCATCCT,GTCCTCTGCCTCCTCCTCCTCTTTG,1.775494534570045e-06,0.00011134617525887985,3.0,26943.0
87,NFE2 c.113_115,CCTT,CCT,113,CTT,GATGGCTCACTTGGAGCATTCAGAC,GCAGCTCGGTGATGGACATGATCTC,0.0033718935883874468,0.0013227513227513227,1.0,756.0
27,U2AF1 c.470A>C,ACTT,ACTG,469,ACGG,CCTCGTGTGCATTCTCCCATCTCAT,ACGGCAGCAGGCTTCTCTGAAGTCC,0.002472125039396936,0.0011409013120365088,2.0,1753.0
50,SH2B3 c.1527del,GCACC,GAGCC,1526,GAGC,ATCGCCCTGGGAGACCCTCTGGGCT,CCCGGGGACAGCCAGAAGAACTAAG,,0.0004259850905218317,2.0,4695.0
94,TP53 c.919_920,AC,GC,919,GTT,AGAGGAGCTGGTGTTGTTGGGCAGT,TCGCTTAGTGCTCCCTGGGGGCAGC,0.0024721732398877805,0.003937007874015748,1.0,254.0
95,DNMT3A c.2695C>T_extra,,CGG,2694,CAGA,CTCCTTCAGCGGAGCGAAGAGGTGG,ATGACTGGCACGCTCCATGACCGGC,3.0187798631129833e-06,0.009107468123861567,5.0,549.0
50,SH2B3 c.1527del,GAGTG,GAGCC,1526,GAGC,ATCGCCCTGGGAGACCCTCTGGGCT,CCCGGGGACAGCCAGAAGAACTAAG,,0.00021299254526091586,1.0,4695.0
9,CALR c.1154_1155insTTGTC,CTTCCTCTGC,CCTT,1153,CCTGACAAT,TCCTCATCTTTGTCCTCATCATCCT,GTCCTCTGCCTCCTCCTCCTCTTTG,,3.711539175295995e-05,1.0,26943.0
23,JAK2 c.731A>G,GGCTCT,GGCTTT,730,GGCTCT,ACTTAAGTTTCAAGTTTCTGGCAGT,GCATTGGCTGAATTGCTGAATAAAT,0.002472125039396936,0.0017985611510791368,1.0,556.0
9,CALR c.1154_1155insTTGTC,TCATCCTCATCTTTGTCCTCATCATCCTCCTT,CCTT,1153,CCTGACAAT,TCCTCATCTTTGTCCTCATCATCCT,GTCCTCTGCCTCCTCCTCCTCTTTG,,3.711539175295995e-05,1.0,26943.0
0,JAK2 c.1849G>T,ACC,CAC,1847,AAC,TGAACCAGAATATTCTCGTCTCCACAGA,ATACTCCATAATTTAAAACCAAATGCTTGTGAGAAAGCTTGCTC,1.1362731518723131e-05,0.0028473804100227792,5.0,1756.0
40,TET2 c.2439_2440insA,CAAT,CGAT,2438,CGATT,GGTCTGACTATAAGGGGAATTTCTA,TTATATTCTGTACTTCCTCCAGTCC,0.002472125039396936,0.0024390243902439024,1.0,410.0
9,CALR c.1154_1155insTTGTC,CGGCTGATCCTGTATCACT,CCTT,1153,CCTGACAAT,TCCTCATCTTTGTCCTCATCATCCT,GTCCTCTGCCTCCTCCTCCTCTTTG,,0.00011134617525887985,3.0,26943.0
42,ASXL1 c.2245_2246insGG,GGGAGT,GGGGAGT,2244,GGGGAGCCT,ATGGCTGGTCCCCAGTGGGAGCAAC,TGGGAGGCATCTCCTAGCCCATCTG,0.003304870569043036,0.014405762304921969,12.0,833.0
13,IDH1 c.395G>A,ATGGGTAAAA,ACGA,393,ATGA,CTCTGTATTGATCCCCATAAGCATG,CCTATGATGATAGGTTTTACCCATC,,0.028169014084507043,2.0,71.0
10,IDH2 c.419G>A,TGGAT,CCGGAT,415,CTGGAT,GGAAGACAGTCCCCCCCAGGATGTT,AGTTCCATTGGGACTTTTCCACATC,8.265261159537971e-06,0.0006203473945409429,1.0,1612.0
34,TET2 c.2908dupA,GCTT,GTT,2907,GTTT,GTGCATCTGACTATGGCAAGACTCA,TGGGGTTGCTGTGTTTGCTGCTGTT,1.3191615740724873e-05,0.0006706908115358819,1.0,1491.0
41,ASXL1 c.2407C>T,GCT,TGCT,2405,TACT,ATTGTCTGCAGGAACGGTGGGTCCT,CCTCATCATCACTTTCCCAGGAAGT,0.003304870569043036,0.004608294930875576,3.0,651.0
15,ASXL1 c.1934dupG,,CCC,1932,CCGGGCCACC,ATCGGTGGCCCCGCCGCCACCTCCACCCGGGCCA,CCCCCTCCGATGGCAGTGGTGGCC,3.0187798631129837e-06,0.013986013986013986,2.0,143.0
7,NFE2 c.190_194del,AGTAAGTTT,AGTAAGTT,189,AGT,GAATCTGGGTGGATTGAGCAGGGGC,GTGGGTGGTGGAGGTCCAAGGTATG,0.0033671867419323145,0.0036496350364963502,2.0,548.0
9,CALR c.1154_1155insTTGTC,CTC,CCTT,1153,CCTGACAAT,TCCTCATCTTTGTCCTCATCATCCT,GTCCTCTGCCTCCTCCTCCTCTTTG,8.270249619306611e-06,7.42307835059199e-05,2.0,26943.0
31,TP53 c.321C>G,CAT,CGT,320,CCT,GAATGCAAGAAGCCCAGACGGAAAC,AGCTGCCCTGGTAGGTTTTCTGGGA,0.002472125039396936,0.009345794392523364,4.0,428.0
24,NFE2 c.714_716delinsAA,CGTAGT,CGTAGG,712,CTTGG,CTACCGGCAAGTTGACAATCTTGTC,AAAAGGAATCTTCATGGCCAAGGCC,0.002472125039396936,0.0055762081784386614,3.0,538.0
43,SF3B1 c.2098A>G,GTTTCT,CTTTCT,2096,CTTCCT,ATGGCCAAAGCACTGATGGTCCGAA,GCTGCTCATCCACAAGACCATGTTC,0.002472125039396936,0.0006053268765133172,2.0,3304.0
24,NFE2 c.714_716delinsAA,TAGG,CGTAGG,712,CTTGG,CTACCGGCAAGTTGACAATCTTGTC,AAAAGGAATCTTCATGGCCAAGGCC,0.00029360887694812653,0.0018587360594795538,1.0,538.0
0,JAK2 c.1849G>T,AGC,CAC,1847,AAC,TGAACCAGAATATTCTCGTCTCCACAGA,ATACTCCATAATTTAAAACCAAATGCTTGTGAGAAAGCTTGCTC,2.836783451736667e-08,0.0011389521640091116,2.0,1756.0
8,PPM1D c.1547C>A,GGAGTTGCCA,GGAGTTGACA,1544,GGAGTTTACA,AATTTCTTGGGCTTTCATTTGGCCA,TCTTCAAATTTTTTTGGTCCATGAC,0.002472125039396936,0.023809523809523808,1.0,42.0
50,SH2B3 c.1527del,GCGTC,GAGCC,1526,GAGC,ATCGCCCTGGGAGACCCTCTGGGCT,CCCGGGGACAGCCAGAAGAACTAAG,,0.00021299254526091586,1.0,4695.0
34,TET2 c.2908dupA,TTT,GTT,2907,GTTT,GTGCATCTGACTATGGCAAGACTCA,TGGGGTTGCTGTGTTTGCTGCTGTT,0.0024834877709156585,0.002012072434607646,3.0,1491.0
95,DNMT3A c.2695C>T_extra,G,CGG,2694,CAGA,CTCCTTCAGCGGAGCGAAGAGGTGG,ATGACTGGCACGCTCCATGACCGGC,0.00030894489610030053,0.00546448087431694,3.0,549.0
53,ASXL1 c.1249C>T,CGAA,CGGA,1247,CAGA,GTACAGATTCCTTCTGGCTCTGGTT,GATCTGGCCGAGAGCGTTTCTTAAA,0.0024721534072314534,0.0058997050147492625,4.0,678.0
11,NRAS c.35G>A,ATCTT,ACCT,33,ATCT,TTGTCAGTGCGCTTTTCCCAACACC,GCTCCAACCACCACCAGTTTGTACT,8.48476928559279e-06,0.0002021018593371059,1.0,4948.0
50,SH2B3 c.1527del,GCGCC,GAGCC,1526,GAGC,ATCGCCCTGGGAGACCCTCTGGGCT,CCCGGGGACAGCCAGAAGAACTAAG,0.002472125039396936,0.0008519701810436634,4.0,4695.0
12,TP53 c.659A>G,A,TA,658,CA,GTCAGAGCCAACCTCAGGCGGCTCA,GGGCACCACCACACTATGTCGAAAA,0.0033172966609144117,0.10526315789473684,2.0,19.0
27,U2AF1 c.470A>C,ACTC,ACTG,469,ACGG,CCTCGTGTGCATTCTCCCATCTCAT,ACGGCAGCAGGCTTCTCTGAAGTCC,0.002472125039396936,0.0005704506560182544,1.0,1753.0
9,CALR c.1154_1155insTTGTC,CCTCCTCCTCCTCTTTGTCCTCATCCTCCTCCTT,CCTT,1153,CCTGACAAT,TCCTCATCTTTGTCCTCATCATCCT,GTCCTCTGCCTCCTCCTCCTCTTTG,,3.711539175295995e-05,1.0,26943.0
25,TET2 c.685dupA,GTTTT,GTT,684,GTTT,ACAATCTGGATAATATTGAGACAGT,TTTTCCAGGAGTTCACCATGTGTGT,1.615472745029448e-08,0.010610079575596816,4.0,377.0
9,CALR c.1154_1155insTTGTC,CT,CCTT,1153,CCTGACAAT,TCCTCATCTTTGTCCTCATCATCCT,GTCCTCTGCCTCCTCCTCCTCTTTG,1.6064847145674825e-05,0.0002226923505177597,6.0,26943.0
53,ASXL1 c.1249C>T,GGA,CGGA,1247,CAGA,GTACAGATTCCTTCTGGCTCTGGTT,GATCTGGCCGAGAGCGTTTCTTAAA,0.003304873070509295,0.004424778761061947,3.0,678.0
9,CALR c.1154_1155insTTGTC,CCTCTTCAGA,CCTT,1153,CCTGACAAT,TCCTCATCTTTGTCCTCATCATCCT,GTCCTCTGCCTCCTCCTCCTCTTTG,,3.711539175295995e-05,1.0,26943.0
36,TET2 c.2790_2791del,GGCC,GGCA,2789,GA,CTGAGTGTGACTTCCTCCCTGGTCA,CAGGAAAAACATTTGCATGGTTATG,0.0024721448720532633,0.058823529411764705,1.0,17.0
18,JAK2 c.892T>C,ACT,CACT,890,CGCT,ACTTTCTTTATGTTTCCCTCTTGAC,GAATTCCACCGTTTCCAGTTATTAT,0.0033048730560365455,0.0017467248908296944,2.0,1145.0
56,RUNX1 c.1103dupC,TGGGCC,CGGGCC,1099,CGGGGCC,GGTAGGAGGGCGAGCTGGCTTGGAA,TCCCTGCGCTTGCGACGAGCCGGGG,0.002472125039396936,0.0007716049382716049,4.0,5184.0
96,PPM1D c.1338del_extra,TCGA,TCTGA,1336,TCGA,CTCAGCTGAAACCTCTAAAAAATTC,GAAGGCATTGCTACGAACCAGGGCA,,0.1111111111111111,1.0,9.0
30,ASXL1 c.4183C>G,CCAGC,CCAGT,4182,CCACT,AAGGGCATCCCTTCCAAGTGACCCA,TCCAGGGGACTATGCCCAGTAGCTT,0.002472125039396936,0.0017730496453900709,1.0,564.0
34,TET2 c.2908dupA,AAT,GTT,2907,GTTT,GTGCATCTGACTATGGCAAGACTCA,TGGGGTTGCTGTGTTTGCTGCTGTT,1.983265632723127e-08,0.0006706908115358819,1.0,1491.0
94,TP53 c.919_920,C,GC,919,GTT,AGAGGAGCTGGTGTTGTTGGGCAGT,TCGCTTAGTGCTCCCTGGGGGCAGC,0.0033172966609144117,0.011811023622047244,3.0,254.0
9,CALR c.1154_1155insTTGTC,CCTTGTCCTC,CCTT,1153,CCTGACAAT,TCCTCATCTTTGTCCTCATCATCCT,GTCCTCTGCCTCCTCCTCCTCTTTG,,3.711539175295995e-05,1.0,26943.0
18,JAK2 c.892T>C,CATT,CACT,890,CGCT,ACTTTCTTTATGTTTCCCTCTTGAC,GAATTCCACCGTTTCCAGTTATTAT,0.002472125039396936,0.0017467248908296944,2.0,1145.0
9,CALR c.1154_1155insTTGTC,TCCGATCTTCCTCATCTTTGTCCTCATCATCCTCCTT,CCTT,1153,CCTGACAAT,TCCTCATCTTTGTCCTCATCATCCT,GTCCTCTGCCTCCTCCTCCTCTTTG,,3.711539175295995e-05,1.0,26943.0
9,CALR c.1154_1155insTTGTC,CCGC,CCTT,1153,CCTGACAAT,TCCTCATCTTTGTCCTCATCATCCT,GTCCTCTGCCTCCTCCTCCTCTTTG,,7.42307835059199e-05,2.0,26943.0
9,CALR c.1154_1155insTTGTC,CCTG,CCTT,1153,CCTGACAAT,TCCTCATCTTTGTCCTCATCATCCT,GTCCTCTGCCTCCTCCTCCTCTTTG,0.0024721534072314534,0.0002598077422707197,7.0,26943.0
23,JAK2 c.731A>G,TCAGCCAATGACC,GGCTTT,730,GGCTCT,ACTTAAGTTTCAAGTTTCTGGCAGT,GCATTGGCTGAATTGCTGAATAAAT,,0.0017985611510791368,1.0,556.0
27,U2AF1 c.470A>C,ACAG,ACTG,469,ACGG,CCTCGTGTGCATTCTCCCATCTCAT,ACGGCAGCAGGCTTCTCTGAAGTCC,0.002472125039396936,0.0011409013120365088,2.0,1753.0
11,NRAS c.35G>A,AACT,ACCT,33,ATCT,TTGTCAGTGCGCTTTTCCCAACACC,GCTCCAACCACCACCAGTTTGTACT,0.0024721448720532633,0.0006063055780113178,3.0,4948.0
54,GATA2 c.1192C>T,GAT,GGT,1190,AGT,TTCTTGGACTTGTTGGACATCTTCC,TCCGAGTCTGGATCCCTTCCTTCTT,0.0024721534072314534,0.0027149321266968325,3.0,1105.0
10,IDH2 c.419G>A,GGAT,CCGGAT,415,CTGGAT,GGAAGACAGTCCCCCCCAGGATGTT,AGTTCCATTGGGACTTTTCCACATC,0.00029360887694812653,0.003101736972704715,5.0,1612.0
7,NFE2 c.190_194del,TAAGTT,AGTAAGTT,189,AGT,GAATCTGGGTGGATTGAGCAGGGGC,GTGGGTGGTGGAGGTCCAAGGTATG,0.00029360887694812653,0.0018248175182481751,1.0,548.0
24,NFE2 c.714_716delinsAA,CTTAGG,CGTAGG,712,CTTGG,CTACCGGCAAGTTGACAATCTTGTC,AAAAGGAATCTTCATGGCCAAGGCC,0.002472125039396936,0.0018587360594795538,1.0,538.0
9,CALR c.1154_1155insTTGTC,CCTCATCCTCATCTTC,CCTT,1153,CCTGACAAT,TCCTCATCTTTGTCCTCATCATCCT,GTCCTCTGCCTCCTCCTCCTCTTTG,,3.711539175295995e-05,1.0,26943.0
0,JAK2 c.1849G>T,AAA,CAC,1847,AAC,TGAACCAGAATATTCTCGTCTCCACAGA,ATACTCCATAATTTAAAACCAAATGCTTGTGAGAAAGCTTGCTC,4.820049084459794e-08,0.0005694760820045558,1.0,1756.0
21,NFE2 c.817C>T,CCT,CGT,816,CAT,CTGGGCTGCCACCTTGTTTTTGCCC,CGTCGGATGTCCCGGACTAGCGCTA,0.0024721448720532633,0.0008156606851549756,1.0,1226.0
30,ASXL1 c.4183C>G,CCAGA,CCAGT,4182,CCACT,AAGGGCATCCCTTCCAAGTGACCCA,TCCAGGGGACTATGCCCAGTAGCTT,0.002472125039396936,0.0017730496453900709,1.0,564.0
53,ASXL1 c.1249C>T,CGGC,CGGA,1247,CAGA,GTACAGATTCCTTCTGGCTCTGGTT,GATCTGGCCGAGAGCGTTTCTTAAA,0.002472125039396936,0.0014749262536873156,1.0,678.0
34,TET2 c.2908dupA,GAT,GTT,2907,GTTT,GTGCATCTGACTATGGCAAGACTCA,TGGGGTTGCTGTGTTTGCTGCTGTT,0.0024721448720532633,0.0006706908115358819,1.0,1491.0
40,TET2 c.2439_2440insA,CAT,CGAT,2438,CGATT,GGTCTGACTATAAGGGGAATTTCTA,TTATATTCTGTACTTCCTCCAGTCC,8.265261159537971e-06,0.0024390243902439024,1.0,410.0
9,CALR c.1154_1155insTTGTC,CCTTGTCCTCTGCCTCCTCCTCCTCTTTGACGCGGTTC,CCTT,1153,CCTGACAAT,TCCTCATCTTTGTCCTCATCATCCT,GTCCTCTGCCTCCTCCTCCTCTTTG,,3.711539175295995e-05,1.0,26943.0
56,RUNX1 c.1103dupC,CGNGCC,CGGGCC,1099,CGGGGCC,GGTAGGAGGGCGAGCTGGCTTGGAA,TCCCTGCGCTTGCGACGAGCCGGGG,0.002472125039396936,0.00019290123456790122,1.0,5184.0
56,RUNX1 c.1103dupC,CGCGCC,CGGGCC,1099,CGGGGCC,GGTAGGAGGGCGAGCTGGCTTGGAA,TCCCTGCGCTTGCGACGAGCCGGGG,0.002472125039396936,0.00019290123456790122,1.0,5184.0
0,JAK2 c.1849G>T,CAT,CAC,1847,AAC,TGAACCAGAATATTCTCGTCTCCACAGA,ATACTCCATAATTTAAAACCAAATGCTTGTGAGAAAGCTTGCTC,0.002472125039396936,0.0005694760820045558,1.0,1756.0
52,CBL c.1259G>A,CCAGC,TCGGC,1256,TTGGC,TGGGTTCAGTACCTTTAATTTCACA,AGAAAGGACAGCCCTGACCTTCTGA,,0.0004278990158322636,1.0,2337.0
11,NRAS c.35G>A,ACTT,ACCT,33,ATCT,TTGTCAGTGCGCTTTTCCCAACACC,GCTCCAACCACCACCAGTTTGTACT,0.0024721534072314534,0.0002021018593371059,1.0,4948.0
14,DNMT3A c.2644C>T,CGTCT,CGGCT,2641,CAGCT,GCCCAGCAGTCTCTGCCTCGCCAAG,CATGTTGGAGACGTCAGTATAGTGG,0.002472125039396936,0.007874015748031496,2.0,254.0
9,CALR c.1154_1155insTTGTC,CCTCATC,CCTT,1153,CCTGACAAT,TCCTCATCTTTGTCCTCATCATCCT,GTCCTCTGCCTCCTCCTCCTCTTTG,,3.711539175295995e-05,1.0,26943.0
10,IDH2 c.419G>A,CCGGAA,CCGGAT,415,CTGGAT,GGAAGACAGTCCCCCCCAGGATGTT,AGTTCCATTGGGACTTTTCCACATC,0.002472125039396936,0.0006203473945409429,1.0,1612.0
33,JAK2 c.3187_3189,TACGCT,TACGC,3186,TACGC,TGTCCTTGTTTGTCATTGCCAATCA,ATAAATTCCGCTGGTGGACTTTTAC,0.0033671867419323145,0.003676470588235294,1.0,272.0
26,TET2 c.5618T>C,AT,AAT,5617,AGT,CATGCAGCTCACGCTTTGCACACTC,GAGAATTGACCCATGAGTTGGAGCC,0.003315292044798846,0.005813953488372093,1.0,172.0
49,SRSF2 c.161C>T,GGAT,GGAC,159,GAAC,GAAAGCGAACGAAGGCGAAGCCGCG,TCCTTGGTGTAGCGGTCCCGCGGGA,0.002472125039396936,0.0001447178002894356,1.0,6910.0
24,NFE2 c.714_716delinsAA,GTTAGG,CGTAGG,712,CTTGG,CTACCGGCAAGTTGACAATCTTGTC,AAAAGGAATCTTCATGGCCAAGGCC,,0.0018587360594795538,1.0,538.0
31,TP53 c.321C>G,GT,CGT,320,CCT,GAATGCAAGAAGCCCAGACGGAAAC,AGCTGCCCTGGTAGGTTTTCTGGGA,0.0033048755575028044,0.002336448598130841,1.0,428.0
9,CALR c.1154_1155insTTGTC,CCTA,CCTT,1153,CCTGACAAT,TCCTCATCTTTGTCCTCATCATCCT,GTCCTCTGCCTCCTCCTCCTCTTTG,0.0024721534072314534,3.711539175295995e-05,1.0,26943.0
25,TET2 c.685dupA,GTC,GTT,684,GTTT,ACAATCTGGATAATATTGAGACAGT,TTTTCCAGGAGTTCACCATGTGTGT,0.0024721534072314534,0.002652519893899204,1.0,377.0
9,CALR c.1154_1155insTTGTC,CCTCATCCTCATCTTTGTCCCCATCATCCTCCTT,CCTT,1153,CCTGACAAT,TCCTCATCTTTGTCCTCATCATCCT,GTCCTCTGCCTCCTCCTCCTCTTTG,,3.711539175295995e-05,1.0,26943.0
5,EZH2 c.453_455del,,ATTTTTTAT,448,ATTTAT,TATCCCCGTGTACTTTCCCATCATA,TAGTTCTTCAATGAAAGTACCATCC,,0.025,1.0,40.0
39,ASXL1 c.2535del,CT,CTGG,2534,CTG,AGTCGGTGAGGATTCAGGTGTGGAA,GGGTCACATTTACAGGATCCTTCAT,0.000526210113814988,0.0392156862745098,2.0,51.0
34,TET2 c.2908dupA,TT,GTT,2907,GTTT,GTGCATCTGACTATGGCAAGACTCA,TGGGGTTGCTGTGTTTGCTGCTGTT,0.0033162972607988996,0.0006706908115358819,1.0,1491.0
4,SETD2 c.4702A>G,TTAAC,TTGGC,4699,TCGGC,GACAAAGGTGTTCGAAGGAAGGTCT,AGCTCTCAAGCCCCAGCCTTTCTTT,,0.0027624309392265192,1.0,362.0
45,SF3B1 c.1998G>T,AT,ATCT,1997,ATAT,CATAAGAATAGCTATCTGTTGTACA,TAATACCAGTGTGTCTCGCTTGCCA,0.0005269389418084886,0.003968253968253968,1.0,252.0
9,CALR c.1154_1155insTTGTC,TTGCCC,CCTT,1153,CCTGACAAT,TCCTCATCTTTGTCCTCATCATCCT,GTCCTCTGCCTCCTCCTCCTCTTTG,,0.00011134617525887985,3.0,26943.0
9,CALR c.1154_1155insTTGTC,CCTTGTCCTCTGCCTCCTCCTCCTCTTTGACGCGGT,CCTT,1153,CCTGACAAT,TCCTCATCTTTGTCCTCATCATCCT,GTCCTCTGCCTCCTCCTCCTCTTTG,,3.711539175295995e-05,1.0,26943.0
50,SH2B3 c.1527del,CTATCGCCCTGGGAGACCCTCTGGGCTGAGCC,GAGCC,1526,GAGC,ATCGCCCTGGGAGACCCTCTGGGCT,CCCGGGGACAGCCAGAAGAACTAAG,,0.00021299254526091586,1.0,4695.0
6,TET2 c.4021dupG,CA,GCA,4020,GCCA,AATCTGATTATTATATGCATCAGGT,AGTTTCTTATATGTTGGTGCCATAA,0.0033048755575028044,0.0035335689045936395,1.0,283.0
5,EZH2 c.453_455del,ATTTTTTATT,ATTTTTTAT,448,ATTTAT,TATCCCCGTGTACTTTCCCATCATA,TAGTTCTTCAATGAAAGTACCATCC,0.0033671867419323145,0.05,2.0,40.0
4,SETD2 c.4702A>G,TTGC,TTGGC,4699,TCGGC,GACAAAGGTGTTCGAAGGAAGGTCT,AGCTCTCAAGCCCCAGCCTTTCTTT,1.8681748455579722e-05,0.013812154696132596,5.0,362.0
33,JAK2 c.3187_3189,TCCGC,TACGC,3186,TACGC,TGTCCTTGTTTGTCATTGCCAATCA,ATAAATTCCGCTGGTGGACTTTTAC,0.002472125039396936,0.003676470588235294,1.0,272.0
9,CALR c.1154_1155insTTGTC,TTT,CCTT,1153,CCTGACAAT,TCCTCATCTTTGTCCTCATCATCCT,GTCCTCTGCCTCCTCCTCCTCTTTG,9.272978625849701e-06,3.711539175295995e-05,1.0,26943.0
17,SH2B3 c.894G>A,TTCA,TCCA,892,TTCA,CCTGTGCACTCCGAGAGCTCAGCCA,TGAATTCAGCTGCTGCTCGTCTCCC,0.0024721448720532633,0.00013508037282182898,1.0,7403.0
19,ZRSR2 c.884G>C,GACGT,GTCGT,882,GTGGT,ACGGGGCAGAATTCACACTGCAGCT,CCTGCATACCATCGTCCGTTAAACA,0.002472125039396936,0.003389830508474576,2.0,590.0
17,SH2B3 c.894G>A,AT,TCCA,892,TTCA,CCTGTGCACTCCGAGAGCTCAGCCA,TGAATTCAGCTGCTGCTCGTCTCCC,,0.00013508037282182898,1.0,7403.0
32,TET2 c.3218G>A,GTCC,GTTC,"[3217, 3280]",GTTC,TCTAAAGCTGGGGTGTGGCTATCAA,TGCAGCAGTGGTTTGTCTAGTCAAA,0.0024721534072314534,0.003952569169960474,2.0,506.0
30,ASXL1 c.4183C>G,CCAAT,CCAGT,4182,CCACT,AAGGGCATCCCTTCCAAGTGACCCA,TCCAGGGGACTATGCCCAGTAGCTT,0.002472125039396936,0.0017730496453900709,1.0,564.0
45,SF3B1 c.1998G>T,ATAT,ATCT,1997,ATAT,CATAAGAATAGCTATCTGTTGTACA,TAATACCAGTGTGTCTCGCTTGCCA,0.002472125039396936,0.015873015873015872,4.0,252.0
17,SH2B3 c.894G>A,A,TCCA,892,TTCA,CCTGTGCACTCCGAGAGCTCAGCCA,TGAATTCAGCTGCTGCTCGTCTCCC,7.438153402898071e-09,0.00013508037282182898,1.0,7403.0
9,CALR c.1154_1155insTTGTC,CCTCTTCCTCATCTTTGTCCTCATCATCCTT,CCTT,1153,CCTGACAAT,TCCTCATCTTTGTCCTCATCATCCT,GTCCTCTGCCTCCTCCTCCTCTTTG,,3.711539175295995e-05,1.0,26943.0
9,CALR c.1154_1155insTTGTC,CCTCATCCTCATCTTTGT,CCTT,1153,CCTGACAAT,TCCTCATCTTTGTCCTCATCATCCT,GTCCTCTGCCTCCTCCTCCTCTTTG,,3.711539175295995e-05,1.0,26943.0
45,SF3B1 c.1998G>T,TCT,ATCT,1997,ATAT,CATAAGAATAGCTATCTGTTGTACA,TAATACCAGTGTGTCTCGCTTGCCA,0.0033048730560365455,0.003968253968253968,1.0,252.0
43,SF3B1 c.2098A>G,CTTTTT,CTTTCT,2096,CTTCCT,ATGGCCAAAGCACTGATGGTCCGAA,GCTGCTCATCCACAAGACCATGTTC,0.002472125039396936,0.00211864406779661,7.0,3304.0
9,CALR c.1154_1155insTTGTC,CCTCATCCTCCTCATC,CCTT,1153,CCTGACAAT,TCCTCATCTTTGTCCTCATCATCCT,GTCCTCTGCCTCCTCCTCCTCTTTG,,3.711539175295995e-05,1.0,26943.0
49,SRSF2 c.161C>T,GGC,GGAC,159,GAAC,GAAAGCGAACGAAGGCGAAGCCGCG,TCCTTGGTGTAGCGGTCCCGCGGGA,1.86842354490895e-05,0.0002894356005788712,2.0,6910.0
9,CALR c.1154_1155insTTGTC,CTTCCTCTT,CCTT,1153,CCTGACAAT,TCCTCATCTTTGTCCTCATCATCCT,GTCCTCTGCCTCCTCCTCCTCTTTG,,3.711539175295995e-05,1.0,26943.0
25,TET2 c.685dupA,G,GTT,684,GTTT,ACAATCTGGATAATATTGAGACAGT,TTTTCCAGGAGTTCACCATGTGTGT,0.00052697376811642,0.002652519893899204,1.0,377.0
7,NFE2 c.190_194del,AGTACGTC,AGTAAGTT,189,AGT,GAATCTGGGTGGATTGAGCAGGGGC,GTGGGTGGTGGAGGTCCAAGGTATG,,0.0018248175182481751,1.0,548.0
3,TP53 c.742C>T,GGT,CGGT,740,CAGT,TGTGATGATGGTGAGGATGGGCCTC,TCATGCCGCCCATGCAGGAACTGTT,0.003304873070509295,0.0051813471502590676,1.0,193.0
21,NFE2 c.817C>T,T,CGT,816,CAT,CTGGGCTGCCACCTTGTTTTTGCCC,CGTCGGATGTCCCGGACTAGCGCTA,0.00029494991942158365,0.0008156606851549756,1.0,1226.0
43,SF3B1 c.2098A>G,CTTTC,CTTTCT,2096,CTTCCT,ATGGCCAAAGCACTGATGGTCCGAA,GCTGCTCATCCACAAGACCATGTTC,0.004165039873879003,0.0003026634382566586,1.0,3304.0
27,U2AF1 c.470A>C,AGAAACGGCTACCACATCCAAGG,ACTG,469,ACGG,CCTCGTGTGCATTCTCCCATCTCAT,ACGGCAGCAGGCTTCTCTGAAGTCC,,0.0005704506560182544,1.0,1753.0
91,TP53 c.376-2A>G,CTG,CTG,"[-23, -104]",CCG,ACATCTTGTTGAGGGCAGGGGAGTA,TAGGAAGAGGAAGGAGACAGAGTTG,0.9810645848898527,1.0,3.0,3.0
9,CALR c.1154_1155insTTGTC,CCTCATCCTCATCTTTGTCCTCATCATCCTCCTTGT,CCTT,1153,CCTGACAAT,TCCTCATCTTTGTCCTCATCATCCT,GTCCTCTGCCTCCTCCTCCTCTTTG,,3.711539175295995e-05,1.0,26943.0
74,ASXL1 c.2081_2099dup_0,ATTCTCGGGTGCCAAGGC,,,,ATTTAGAGGATAAGGCGGCAGTAGT,TGTGTAAGGCGGCAGTAGTTGTGTT,,1.0,1.0,1.0
21,NFE2 c.817C>T,GT,CGT,816,CAT,CTGGGCTGCCACCTTGTTTTTGCCC,CGTCGGATGTCCCGGACTAGCGCTA,0.0033048755575028044,0.0024469820554649264,3.0,1226.0
9,CALR c.1154_1155insTTGTC,,CCTT,1153,CCTGACAAT,TCCTCATCTTTGTCCTCATCATCCT,GTCCTCTGCCTCCTCCTCCTCTTTG,1.574470128535472e-07,0.0001484615670118398,4.0,26943.0
93,TP53 c.920-1G>A,CCTTTCT,,,GTT,AGAGGAGCTGGTGTTGTTGGGCAGT,AGGAAAGAGGCAAGGAAAGGTGATA,,0.5,1.0,2.0
49,SRSF2 c.161C>T,AC,GGAC,159,GAAC,GAAAGCGAACGAAGGCGAAGCCGCG,TCCTTGGTGTAGCGGTCCCGCGGGA,0.00029360887694812653,0.0001447178002894356,1.0,6910.0
50,SH2B3 c.1527del,GTCCC,GAGCC,1526,GAGC,ATCGCCCTGGGAGACCCTCTGGGCT,CCCGGGGACAGCCAGAAGAACTAAG,,0.00021299254526091586,1.0,4695.0
10,IDH2 c.419G>A,TCGGAT,CCGGAT,415,CTGGAT,GGAAGACAGTCCCCCCCAGGATGTT,AGTTCCATTGGGACTTTTCCACATC,0.002472125039396936,0.0012406947890818859,2.0,1612.0
4,SETD2 c.4702A>G,TTGGT,TTGGC,4699,TCGGC,GACAAAGGTGTTCGAAGGAAGGTCT,AGCTCTCAAGCCCCAGCCTTTCTTT,0.002472125039396936,0.0027624309392265192,1.0,362.0
14,DNMT3A c.2644C>T,CAGCT,CGGCT,2641,CAGCT,GCCCAGCAGTCTCTGCCTCGCCAAG,CATGTTGGAGACGTCAGTATAGTGG,0.002472125039396936,0.007874015748031496,2.0,254.0
10,IDH2 c.419G>A,CAGGAT,CCGGAT,415,CTGGAT,GGAAGACAGTCCCCCCCAGGATGTT,AGTTCCATTGGGACTTTTCCACATC,0.002472125039396936,0.0006203473945409429,1.0,1612.0
29,TET2 c.4249G>T,ACAT,ACGT,4247,AAGT,GTCAGAGACTTTGTATAAAGGCAGA,GAAGCTGCTCATCCTCAGGTTTTCC,0.002472125039396936,0.001984126984126984,1.0,504.0
93,TP53 c.920-1G>A,CACCAGCTCCTCTAGA,,,GTT,AGAGGAGCTGGTGTTGTTGGGCAGT,AGGAAAGAGGCAAGGAAAGGTGATA,,0.5,1.0,2.0
42,ASXL1 c.2245_2246insGG,GGGGAGTTGGGAGGC,GGGGAGT,2244,GGGGAGCCT,ATGGCTGGTCCCCAGTGGGAGCAAC,TGGGAGGCATCTCCTAGCCCATCTG,,0.003601440576230492,3.0,833.0
6,TET2 c.4021dupG,GCC,GCA,4020,GCCA,AATCTGATTATTATATGCATCAGGT,AGTTTCTTATATGTTGGTGCCATAA,0.0024721448720532633,0.0035335689045936395,1.0,283.0
33,JAK2 c.3187_3189,TCGC,TACGC,3186,TACGC,TGTCCTTGTTTGTCATTGCCAATCA,ATAAATTCCGCTGGTGGACTTTTAC,8.265261159537971e-06,0.003676470588235294,1.0,272.0
10,IDH2 c.419G>A,CCGAT,CCGGAT,415,CTGGAT,GGAAGACAGTCCCCCCCAGGATGTT,AGTTCCATTGGGACTTTTCCACATC,8.265261159537971e-06,0.0006203473945409429,1.0,1612.0
25,TET2 c.685dupA,GAT,GTT,684,GTTT,ACAATCTGGATAATATTGAGACAGT,TTTTCCAGGAGTTCACCATGTGTGT,0.0024721448720532633,0.002652519893899204,1.0,377.0
9,CALR c.1154_1155insTTGTC,TCATCCTCATCTTT,CCTT,1153,CCTGACAAT,TCCTCATCTTTGTCCTCATCATCCT,GTCCTCTGCCTCCTCCTCCTCTTTG,,3.711539175295995e-05,1.0,26943.0
95,DNMT3A c.2695C>T_extra,CAA,CGG,2694,CAGA,CTCCTTCAGCGGAGCGAAGAGGTGG,ATGACTGGCACGCTCCATGACCGGC,,0.0018214936247723133,1.0,549.0
33,JAK2 c.3187_3189,TACC,TACGC,3186,TACGC,TGTCCTTGTTTGTCATTGCCAATCA,ATAAATTCCGCTGGTGGACTTTTAC,1.0416487296041751e-05,0.003676470588235294,1.0,272.0
88,TET2 c.4537+2T>G,TTACC,,,TTCCC,CACATTTATCTACAAATGCTTTACATTAAAT,TGCCAACTGTTTAGCCTGGCTTGCG,,1.0,2.0,2.0
27,U2AF1 c.470A>C,AATG,ACTG,469,ACGG,CCTCGTGTGCATTCTCCCATCTCAT,ACGGCAGCAGGCTTCTCTGAAGTCC,0.002472125039396936,0.0017113519680547634,3.0,1753.0
9,CALR c.1154_1155insTTGTC,CCTCATCCTCATCTTTGTCCTCATCTTC,CCTT,1153,CCTGACAAT,TCCTCATCTTTGTCCTCATCATCCT,GTCCTCTGCCTCCTCCTCCTCTTTG,,3.711539175295995e-05,1.0,26943.0
13,IDH1 c.395G>A,CGA,ACGA,393,ATGA,CTCTGTATTGATCCCCATAAGCATG,CCTATGATGATAGGTTTTACCCATC,0.003304870569043036,0.014084507042253521,1.0,71.0
32,TET2 c.3218G>A,GTC,GTTC,"[3217, 3280]",GTTC,TCTAAAGCTGGGGTGTGGCTATCAA,TGCAGCAGTGGTTTGTCTAGTCAAA,1.8681748455579722e-05,0.001976284584980237,1.0,506.0
7,NFE2 c.190_194del,AATAAGTT,AGTAAGTT,189,AGT,GAATCTGGGTGGATTGAGCAGGGGC,GTGGGTGGTGGAGGTCCAAGGTATG,0.002472125039396936,0.0018248175182481751,1.0,548.0
29,TET2 c.4249G>T,CCGT,ACGT,4247,AAGT,GTCAGAGACTTTGTATAAAGGCAGA,GAAGCTGCTCATCCTCAGGTTTTCC,0.002472125039396936,0.001984126984126984,1.0,504.0
7,NFE2 c.190_194del,TCCGATCTGAATCTGGGTGGATTGAGCAGGGGCAGTAAGTT,AGTAAGTT,189,AGT,GAATCTGGGTGGATTGAGCAGGGGC,GTGGGTGGTGGAGGTCCAAGGTATG,,0.0036496350364963502,2.0,548.0
50,SH2B3 c.1527del,AAGCC,GAGCC,1526,GAGC,ATCGCCCTGGGAGACCCTCTGGGCT,CCCGGGGACAGCCAGAAGAACTAAG,0.002472125039396936,0.0004259850905218317,2.0,4695.0
9,CALR c.1154_1155insTTGTC,CTTCTTCATCTTC,CCTT,1153,CCTGACAAT,TCCTCATCTTTGTCCTCATCATCCT,GTCCTCTGCCTCCTCCTCCTCTTTG,,3.711539175295995e-05,1.0,26943.0
50,SH2B3 c.1527del,GACC,GAGCC,1526,GAGC,ATCGCCCTGGGAGACCCTCTGGGCT,CCCGGGGACAGCCAGAAGAACTAAG,1.0418988762300611e-05,0.00021299254526091586,1.0,4695.0
50,SH2B3 c.1527del,CAGCC,GAGCC,1526,GAGC,ATCGCCCTGGGAGACCCTCTGGGCT,CCCGGGGACAGCCAGAAGAACTAAG,0.002472125039396936,0.0004259850905218317,2.0,4695.0
52,CBL c.1259G>A,CCGC,TCGGC,1256,TTGGC,TGGGTTCAGTACCTTTAATTTCACA,AGAAAGGACAGCCCTGACCTTCTGA,8.265261159537971e-06,0.0008557980316645272,2.0,2337.0
9,CALR c.1154_1155insTTGTC,CTCATCCTCATCTTT,CCTT,1153,CCTGACAAT,TCCTCATCTTTGTCCTCATCATCCT,GTCCTCTGCCTCCTCCTCCTCTTTG,,3.711539175295995e-05,1.0,26943.0
33,JAK2 c.3187_3189,TACA,TACGC,3186,TACGC,TGTCCTTGTTTGTCATTGCCAATCA,ATAAATTCCGCTGGTGGACTTTTAC,1.0416487296041751e-05,0.003676470588235294,1.0,272.0
43,SF3B1 c.2098A>G,CTTCC,CTTTCT,2096,CTTCCT,ATGGCCAAAGCACTGATGGTCCGAA,GCTGCTCATCCACAAGACCATGTTC,1.0416487296041751e-05,0.0003026634382566586,1.0,3304.0
33,JAK2 c.3187_3189,TCC,TACGC,3186,TACGC,TGTCCTTGTTTGTCATTGCCAATCA,ATAAATTCCGCTGGTGGACTTTTAC,1.306216165525791e-06,0.007352941176470588,2.0,272.0
0,JAK2 c.1849G>T,AA,CAC,1847,AAC,TGAACCAGAATATTCTCGTCTCCACAGA,ATACTCCATAATTTAAAACCAAATGCTTGTGAGAAAGCTTGCTC,1.868673691534836e-05,0.0005694760820045558,1.0,1756.0
49,SRSF2 c.161C>T,TGGAC,GGAC,159,GAAC,GAAAGCGAACGAAGGCGAAGCCGCG,TCCTTGGTGTAGCGGTCCCGCGGGA,0.0018679153724242465,0.0001447178002894356,1.0,6910.0
48,ASXL1 c.1636C>T,GA,TGA,1635,TAA,ACTTTCAATTGTGTTACGAAAGGAC,CGATCTTCAAGCCGGGGCTTCTTTT,0.0033048755575028044,0.0014347202295552368,1.0,697.0
9,CALR c.1154_1155insTTGTC,CGTT,CCTT,1153,CCTGACAAT,TCCTCATCTTTGTCCTCATCATCCT,GTCCTCTGCCTCCTCCTCCTCTTTG,0.0024721534072314534,7.42307835059199e-05,2.0,26943.0
43,SF3B1 c.2098A>G,TTCCT,CTTTCT,2096,CTTCCT,ATGGCCAAAGCACTGATGGTCCGAA,GCTGCTCATCCACAAGACCATGTTC,8.267762625796832e-06,0.0003026634382566586,1.0,3304.0
18,JAK2 c.892T>C,CCC,CACT,890,CGCT,ACTTTCTTTATGTTTCCCTCTTGAC,GAATTCCACCGTTTCCAGTTATTAT,1.042147575581039e-05,0.0017467248908296944,2.0,1145.0
50,SH2B3 c.1527del,GAGGG,GAGCC,1526,GAGC,ATCGCCCTGGGAGACCCTCTGGGCT,CCCGGGGACAGCCAGAAGAACTAAG,,0.00021299254526091586,1.0,4695.0
24,NFE2 c.714_716delinsAA,CGGG,CGTAGG,712,CTTGG,CTACCGGCAAGTTGACAATCTTGTC,AAAAGGAATCTTCATGGCCAAGGCC,,0.0037174721189591076,2.0,538.0
17,SH2B3 c.894G>A,CA,TCCA,892,TTCA,CCTGTGCACTCCGAGAGCTCAGCCA,TGAATTCAGCTGCTGCTCGTCTCCC,0.00029364370325605783,0.00013508037282182898,1.0,7403.0
9,CALR c.1154_1155insTTGTC,CCTCATCCT,CCTT,1153,CCTGACAAT,TCCTCATCTTTGTCCTCATCATCCT,GTCCTCTGCCTCCTCCTCCTCTTTG,,3.711539175295995e-05,1.0,26943.0
9,CALR c.1154_1155insTTGTC,CCCTGTCCTCTGCCTCCTCCTCCTCTTTGA,CCTT,1153,CCTGACAAT,TCCTCATCTTTGTCCTCATCATCCT,GTCCTCTGCCTCCTCCTCCTCTTTG,,3.711539175295995e-05,1.0,26943.0
40,TET2 c.2439_2440insA,AGA,CGAT,2438,CGATT,GGTCTGACTATAAGGGGAATTTCTA,TTATATTCTGTACTTCCTCCAGTCC,1.0418988762300611e-05,0.0024390243902439024,1.0,410.0
0,JAK2 c.1849G>T,CCC,CAC,1847,AAC,TGAACCAGAATATTCTCGTCTCCACAGA,ATACTCCATAATTTAAAACCAAATGCTTGTGAGAAAGCTTGCTC,0.0024721732398877805,0.0005694760820045558,1.0,1756.0
19,ZRSR2 c.884G>C,CGT,GTCGT,882,GTGGT,ACGGGGCAGAATTCACACTGCAGCT,CCTGCATACCATCGTCCGTTAAACA,0.0002936088769481266,0.005084745762711864,3.0,590.0
9,CALR c.1154_1155insTTGTC,ATT,CCTT,1153,CCTGACAAT,TCCTCATCTTTGTCCTCATCATCCT,GTCCTCTGCCTCCTCCTCCTCTTTG,8.267762625796832e-06,7.42307835059199e-05,2.0,26943.0
95,DNMT3A c.2695C>T_extra,CGGG,CGG,2694,CAGA,CTCCTTCAGCGGAGCGAAGAGGTGG,ATGACTGGCACGCTCCATGACCGGC,0.0033718935883874468,0.0018214936247723133,1.0,549.0
45,SF3B1 c.1998G>T,ATCTT,ATCT,1997,ATAT,CATAAGAATAGCTATCTGTTGTACA,TAATACCAGTGTGTCTCGCTTGCCA,0.0033671867419323145,0.011904761904761904,3.0,252.0
45,SF3B1 c.1998G>T,AAT,ATCT,1997,ATAT,CATAAGAATAGCTATCTGTTGTACA,TAATACCAGTGTGTCTCGCTTGCCA,1.0018871090229843e-06,0.003968253968253968,1.0,252.0
46,ASXL1 c.1815C>A,ACCAC,GGCA,1813,GTCA,AGGGTCCTGGCGCCAGTCCAACCCC,GGAGGACTCCGTGGTGGGGATGATC,,0.037037037037037035,1.0,27.0
9,CALR c.1154_1155insTTGTC,CC,CCTT,1153,CCTGACAAT,TCCTCATCTTTGTCCTCATCATCCT,GTCCTCTGCCTCCTCCTCCTCTTTG,0.0005262449401229193,7.42307835059199e-05,2.0,26943.0
42,ASXL1 c.2245_2246insGG,TGGGAGT,GGGGAGT,2244,GGGGAGCCT,ATGGCTGGTCCCCAGTGGGAGCAAC,TGGGAGGCATCTCCTAGCCCATCTG,0.002472125039396936,0.0012004801920768306,1.0,833.0
19,ZRSR2 c.884G>C,TCGT,GTCGT,882,GTGGT,ACGGGGCAGAATTCACACTGCAGCT,CCTGCATACCATCGTCCGTTAAACA,0.003304870569043036,0.001694915254237288,1.0,590.0
5,EZH2 c.453_455del,ATTTTTTT,ATTTTTTAT,448,ATTTAT,TATCCCCGTGTACTTTCCCATCATA,TAGTTCTTCAATGAAAGTACCATCC,1.041897428955153e-05,0.025,1.0,40.0
9,CALR c.1154_1155insTTGTC,CTA,CCTT,1153,CCTGACAAT,TCCTCATCTTTGTCCTCATCATCCT,GTCCTCTGCCTCCTCCTCCTCTTTG,8.267762625796832e-06,3.711539175295995e-05,1.0,26943.0
24,NFE2 c.714_716delinsAA,GTAGG,CGTAGG,712,CTTGG,CTACCGGCAAGTTGACAATCTTGTC,AAAAGGAATCTTCATGGCCAAGGCC,0.003304870569043036,0.0037174721189591076,2.0,538.0
87,NFE2 c.113_115,CAT,CCT,113,CTT,GATGGCTCACTTGGAGCATTCAGAC,GCAGCTCGGTGATGGACATGATCTC,0.0024721534072314534,0.0013227513227513227,1.0,756.0
9,CALR c.1154_1155insTTGTC,CCTTGTCCTCTGCCTCCTCCTCCTCTTTGA,CCTT,1153,CCTGACAAT,TCCTCATCTTTGTCCTCATCATCCT,GTCCTCTGCCTCCTCCTCCTCTTTG,,3.711539175295995e-05,1.0,26943.0
9,CALR c.1154_1155insTTGTC,CCTCCTT,CCTT,1153,CCTGACAAT,TCCTCATCTTTGTCCTCATCATCCT,GTCCTCTGCCTCCTCCTCCTCTTTG,,3.711539175295995e-05,1.0,26943.0
52,CBL c.1259G>A,TCAC,TCGGC,1256,TTGGC,TGGGTTCAGTACCTTTAATTTCACA,AGAAAGGACAGCCCTGACCTTCTGA,,0.0004278990158322636,1.0,2337.0
52,CBL c.1259G>A,TCGGT,TCGGC,1256,TTGGC,TGGGTTCAGTACCTTTAATTTCACA,AGAAAGGACAGCCCTGACCTTCTGA,0.002472125039396936,0.0004278990158322636,1.0,2337.0
14,DNMT3A c.2644C>T,CGACT,CGGCT,2641,CAGCT,GCCCAGCAGTCTCTGCCTCGCCAAG,CATGTTGGAGACGTCAGTATAGTGG,0.002472125039396936,0.003937007874015748,1.0,254.0
24,NFE2 c.714_716delinsAA,CGTCGG,CGTAGG,712,CTTGG,CTACCGGCAAGTTGACAATCTTGTC,AAAAGGAATCTTCATGGCCAAGGCC,0.002472125039396936,0.0018587360594795538,1.0,538.0
41,ASXL1 c.2407C>T,TGTT,TGCT,2405,TACT,ATTGTCTGCAGGAACGGTGGGTCCT,CCTCATCATCACTTTCCCAGGAAGT,0.002472125039396936,0.0015360983102918587,1.0,651.0
50,SH2B3 c.1527del,GAATC,GAGCC,1526,GAGC,ATCGCCCTGGGAGACCCTCTGGGCT,CCCGGGGACAGCCAGAAGAACTAAG,,0.00021299254526091586,1.0,4695.0
9,CALR c.1154_1155insTTGTC,CCTTGT,CCTT,1153,CCTGACAAT,TCCTCATCTTTGTCCTCATCATCCT,GTCCTCTGCCTCCTCCTCCTCTTTG,,3.711539175295995e-05,1.0,26943.0
9,CALR c.1154_1155insTTGTC,CTTGTCCTCTGCCTCCTCCTCCTCTTT,CCTT,1153,CCTGACAAT,TCCTCATCTTTGTCCTCATCATCCT,GTCCTCTGCCTCCTCCTCCTCTTTG,,3.711539175295995e-05,1.0,26943.0
25,TET2 c.685dupA,,GTT,684,GTTT,ACAATCTGGATAATATTGAGACAGT,TTTTCCAGGAGTTCACCATGTGTGT,3.0187798631129833e-06,0.002652519893899204,1.0,377.0
10,IDH2 c.419G>A,CGAAT,CCGGAT,415,CTGGAT,GGAAGACAGTCCCCCCCAGGATGTT,AGTTCCATTGGGACTTTTCCACATC,8.265261159537971e-06,0.0006203473945409429,1.0,1612.0
50,SH2B3 c.1527del,GAC,GAGCC,1526,GAGC,ATCGCCCTGGGAGACCCTCTGGGCT,CCCGGGGACAGCCAGAAGAACTAAG,2.0350441590264204e-06,0.00021299254526091586,1.0,4695.0
51,PTPN11 c.1508G>A,CC,TCCC,1507,TCTC,CGGTACTGTGCTTCTGTCTGGACCA,TGACCTCTGAGACCGCACCATCTGG,0.00030894489610030053,0.003048780487804878,1.0,328.0
53,ASXL1 c.1249C>T,CAGA,CGGA,1247,CAGA,GTACAGATTCCTTCTGGCTCTGGTT,GATCTGGCCGAGAGCGTTTCTTAAA,0.002472125039396936,0.0014749262536873156,1.0,678.0
38,SETBP1 c.2602G>A,T,TCGC,2600,TTGC,GTTGTTGTCTGTCCCAATGCCGCTG,TGGGGATCGTCTCCTCACTGTGGGA,7.438153402898071e-09,0.007407407407407408,1.0,135.0
40,TET2 c.2439_2440insA,GC,CGAT,2438,CGATT,GGTCTGACTATAAGGGGAATTTCTA,TTATATTCTGTACTTCCTCCAGTCC,3.482630793133225e-08,0.0024390243902439024,1.0,410.0
49,SRSF2 c.161C>T,GGAN,GGAC,159,GAAC,GAAAGCGAACGAAGGCGAAGCCGCG,TCCTTGGTGTAGCGGTCCCGCGGGA,0.002472125039396936,0.0001447178002894356,1.0,6910.0
94,TP53 c.919_920,GT,GC,919,GTT,AGAGGAGCTGGTGTTGTTGGGCAGT,TCGCTTAGTGCTCCCTGGGGGCAGC,0.0024721732398877805,0.003937007874015748,1.0,254.0
9,CALR c.1154_1155insTTGTC,CTCCTCTTCCTCTCCTC,CCTT,1153,CCTGACAAT,TCCTCATCTTTGTCCTCATCATCCT,GTCCTCTGCCTCCTCCTCCTCTTTG,,3.711539175295995e-05,1.0,26943.0
45,SF3B1 c.1998G>T,ACCC,ATCT,1997,ATAT,CATAAGAATAGCTATCTGTTGTACA,TAATACCAGTGTGTCTCGCTTGCCA,,0.003968253968253968,1.0,252.0
45,SF3B1 c.1998G>T,ACCT,ATCT,1997,ATAT,CATAAGAATAGCTATCTGTTGTACA,TAATACCAGTGTGTCTCGCTTGCCA,0.002472125039396936,0.003968253968253968,1.0,252.0
10,IDH2 c.419G>A,CCGGAG,CCGGAT,415,CTGGAT,GGAAGACAGTCCCCCCCAGGATGTT,AGTTCCATTGGGACTTTTCCACATC,0.002472125039396936,0.0006203473945409429,1.0,1612.0
5,EZH2 c.453_455del,ATTTTTATT,ATTTTTTAT,448,ATTTAT,TATCCCCGTGTACTTTCCCATCATA,TAGTTCTTCAATGAAAGTACCATCC,2.836783451736667e-08,0.025,1.0,40.0
34,TET2 c.2908dupA,GTTTT,GTT,2907,GTTT,GTGCATCTGACTATGGCAAGACTCA,TGGGGTTGCTGTGTTTGCTGCTGTT,1.615472745029448e-08,0.0006706908115358819,1.0,1491.0
35,SRSF2 c.284_307del,,CGGCGGCTGTGGTGTGAGTCCGGGGGGC,281,CGGC,CCCGTACCTGCGGGGTGGCGGTCCC,GGCCGTAGCGCGCCATTTGCACCCG,,,0.0,0.0
37,HRAS c.26_28del,,CGCCGGCGCCCA,26,CGCCGGCGC,ATGGTCAGCGCACTCTTGCCCACAC,CCACCACCAGCTTATATTCCGTCAT,,,0.0,0.0
86,NFE2 c.115-1G>A,,,,CTT,GATGGCTCACTTGGAGCATTCAGAC,GCAAGGAAAGACACAAAGAGATTTG,,,0.0,0.0
