name,HGVSc,gapfill,gapfill_from_transcriptome,frequency,expected_frequency_from_bulk,lhs_probe,rhs_probe,count_of_this_gapfill,signed_log_likelihood_given_wt_control,signed_log_likelihood_given_other_samples,signed_log_likelihood_given_wt_edit_dist,sample,likelihood_given_wt_edit_dist,original_name,origin,probe_idx
JAK2 c.1849G>T,JAK2 c.1849G>T,AAC,CAC,0.7719298245614035,0.86,TGAACCAGAATATTCTCGTCTCCACAGA,ATACTCCATAATTTAAAACCAAATGCTTGTGAGAAAGCTTGCTC,1056.0,-300.0,-30.339755019206592,-300.0,BC003_2,0.0024721534072314,JAK2 c.1849G>T,from_control,0
TET2 c.4021dupG,TET2 c.4021dupG,GCCA,GCA,0.0801282051282051,0.355,AATCTGATTATTATATGCATCAGGT,AGTTTCTTATATGTTGGTGCCATAA,25.0,-286.6034463370655,-300.0,-6.473625910231988,BC003_2,1.3191615740724871e-05,TET2 c.4021dupG,from_control,29
EZH2 c.453_455del,EZH2 c.453_455del,ATTTAT,ATTTTTTAT,0.0666666666666666,0.31,TATCCCCGTGTACTTTCCCATCATA,TAGTTCTTCAATGAAAGTACCATCC,7.0,-70.18226002916583,-126.69776447062604,,BC003_2,,EZH2 c.453_455del,from_control,26
TP53 c.524G>A,TP53 c.523C>G,GCAGCC,GCAGCG,0.0909090909090909,0.022,TATCTGAGCAGCGCTCATGGTGGGG,CCTCACAACCTCCGTCATGTGCTGT,1.0,,-25.92508206053202,-0.4873502012256665,BC003_2,0.0024721250393969,TP53 c.524G>A,from_others,7
NFE2 c.190_194del,NFE2 c.190_194del,CAG,CAGTAAGT,0.0178861788617886,0.035,AGAATCTGGGTGGATTGAGCAGGGG,TGTGGGTGGTGGAGGTCCAAGGTAT,11.0,,-300.0,,BC003_2,,NFE2 c.190_194del,from_others,44
JAK2 c.3187_3189,JAK2 c.3188G>A,TATGC,TACGC,,,,,,,,,BC003_2,,JAK2 c.3187_3189,,33
ASXL1 c.2245_2246insGG,ASXL1 c.2246_2247insGG,GGGGACCGT,GGGGAGT,,,,,,,,,BC003_2,,ASXL1 c.2245_2246insGG,,41
TP53 c.321C>G,TP53 c.321C>G,CCT,CGT,,,,,,,,,BC003_2,,TP53 c.321C>G,,31
ASXL1 c.1249C>T,ASXL1 c.1249C>T,CAGA,CGGA,,,,,,,,,BC003_2,,ASXL1 c.1249C>T,,53
SRSF2 c.161C>T,SRSF2 c.161C>T,GAAC,GGAC,,,,,,,,,BC003_2,,SRSF2 c.161C>T,,48
SH2B3 c.894G>A,SH2B3 c.894G>A,TTCA,TCCA,,,,,,,,,BC003_2,,SH2B3 c.894G>A,,17
TP53 c.920-1G>A,TP53 c.920-1G>A,GTT,GCT,,,,,,,,,BC003_2,,TP53 c.920-1G>A,,92
NRAS c.35G>A,NRAS c.35G>A,ATCT,ACCT,,,,,,,,,BC003_2,,NRAS c.35G>A,,1
DNMT3A c.2644C>T,DNMT3A c.2645G>A,TGGCT,CGGCT,,,,,,,,,BC003_2,,DNMT3A c.2644C>T,,13
TP53 c.393_395del,TP53 c.393_395del,ATCT,ATCTTGT,,,,,,,,,BC003_2,,TP53 c.393_395del,,30
DNMT3A c.2644C>T,DNMT3A c.2644C>T,CAGCT,CGGCT,,,,,,,,,BC003_2,,DNMT3A c.2644C>T,,13
ASXL1 c.2081_2099dup,ASXL1 c.2081_2099dup,,,,,,,,,,,BC003_2,,ASXL1 c.2081_2099dup_0,,75
ASXL1 c.2407C>T,ASXL1 c.2407C>T,TACT,TGCT,,,,,,,,,BC003_2,,ASXL1 c.2407C>T,,40
SRSF2 c.284_307del,SRSF2 c.284_307del,CGGC,CGGCGGCTGTGGTGTGAGTCCGGGGGGC,,,,,,,,,BC003_2,,SRSF2 c.284_307del,,35
ASXL1 c.4183C>G,ASXL1 c.4183C>G,CCACT,CCAGT,,,,,,,,,BC003_2,,ASXL1 c.4183C>G,,28
IDH2 c.419G>A,IDH2 c.419G>A,CTGGAT,CCGGAT,,,,,,,,,BC003_2,,IDH2 c.419G>A,,11
TET2 c.5618T>C,TET2 c.5618T>C,AGT,AAT,,,,,,,,,BC003_2,,TET2 c.5618T>C,,6
TET2 c.4537+2T>G,TET2 c.4537+3A>T,TAACC,TTACC,,,,,,,,,BC003_2,,TET2 c.4537+2T>G,,89
NFE2 c.714_716delinsAA,NFE2 c.714_716delinsAA,CTTGG,CGTAGG,,,,,,,,,BC003_2,,NFE2 c.714_716delinsAA,,4
SETD2 c.4702A>G,SETD2 c.4702A>G,TCGGC,TTGGC,,,,,,,,,BC003_2,,SETD2 c.4702A>G,,25
CALR c.1154_1155insTTGTC,CALR c.1155_1156insTTGTC,CCGACAATT,CCTT,,,,,,,,,BC003_2,,CALR c.1154_1155insTTGTC,,56
PPM1D c.1636_1639,PPM1D c.1636dup,ATCAGGG,ATCAGG,,,,,,,,,BC003_2,,PPM1D c.1636_1639,,16
PPM1D c.1636_1639,PPM1D c.1639del,ACAGG,ATCAGG,,,,,,,,,BC003_2,,PPM1D c.1636_1639,,16
TP53 c.742C>T,TP53 c.742C>T,CAGT,CGGT,,,,,,,,,BC003_2,,TP53 c.742C>T,,21
U2AF1 c.470A>C,U2AF1 c.470A>C,ACGG,ACTG,,,,,,,,,BC003_2,,U2AF1 c.470A>C,,24
TP53 c.830G>A,TP53 c.830G>A,GGATA,GGACA,,,,,,,,,BC003_2,,TP53 c.830G>A,,20
SH2B3 c.1527del,SH2B3 c.1527del,GAGC,GAGCC,,,,,,,,,BC003_2,,SH2B3 c.1527del,,50
TP53 c.455dupC,TP53 c.455dupC,GGGCGGG,GGGCGG,,,,,,,,,BC003_2,,TP53 c.455dupC,,8
TP53 c.78delT,TP53 c.78delT,GAGTAGTT,GAAGTAGTT,,,,,,,,,BC003_2,,TP53 c.78delT,,3
TP53 c.613T>C,TP53 c.613T>C,ATGC,ATAC,,,,,,,,,BC003_2,,TP53 c.613T>C,,5
ASXL1 c.1636C>T,ASXL1 c.1636C>T,TAA,TGA,,,,,,,,,BC003_2,,ASXL1 c.1636C>T,,47
ASXL1 c.1934dupG,ASXL1 c.1934dupG,CCCC,CCC,,,,,,,,,BC003_2,,ASXL1 c.1934dupG,,14
TET2 c.4537+2T>G,TET2 c.4537+2T>G,TTCCC,TTACC,,,,,,,,,BC003_2,,TET2 c.4537+2T>G,,89
IDH1 c.395G>A,IDH1 c.395G>A,ATGA,ACGA,,,,,,,,,BC003_2,,IDH1 c.395G>A,,12
MPL c.1771T>G,MPL c.1771T>G,TCGT,TAGT,,,,,,,,,BC003_2,,MPL c.1771T>G,,15
PTPN11 c.1508G>A,PTPN11 c.1508G>A,TCTC,TCCC,,,,,,,,,BC003_2,,PTPN11 c.1508G>A,,51
TET2 c.2908dupA,TET2 c.2906_2908insAA_novel,GTTTT,GTT,,,,,,,,,BC003_2,,TET2 c.2908dupA,,34
IDH1 c.395G>A,IDH1 c.394C>T,ACAA,ACGA,,,,,,,,,BC003_2,,IDH1 c.395G>A,,12
RUNX1 c.1103dupC,RUNX1 c.1103dupC,CGGGGCC,CGGGCC,,,,,,,,,BC003_2,,RUNX1 c.1103dupC,,57
CBL c.1259G>A,CBL c.1259G>A,TTGGC,TCGGC,,,,,,,,,BC003_2,,CBL c.1259G>A,,52
NFE2 c.817C>T,NFE2 c.817C>T,CAT,CGT,,,,,,,,,BC003_2,,NFE2 c.817C>T,,2
TET2 c.685dupA,TET2 c.685dupA,GTTT,GTT,,,,,,,,,BC003_2,,TET2 c.685dupA,,23
ZRSR2 c.884G>C,ZRSR2 c.884G>C,GTGGT,GTCGT,,,,,,,,,BC003_2,,ZRSR2 c.884G>C,,19
TET2 c.4249G>T,TET2 c.4249G>T,AAGT,ACGT,,,,,,,,,BC003_2,,TET2 c.4249G>T,,27
KRAS c.173C>T,KRAS c.173C>T,CTAT,CTGT,,,,,,,,,BC003_2,,KRAS c.173C>T,,46
ASXL1 c.2535del,ASXL1 c.2535del,CTG,CTGG,,,,,,,,,BC003_2,,ASXL1 c.2535del,,38
SETBP1 c.2602G>A,SETBP1 c.2602G>A,TTGC,TCGC,,,,,,,,,BC003_2,,SETBP1 c.2602G>A,,37
JAK2 c.731A>G,JAK2 c.731A>G,GGCTCT,GGCTTT,,,,,,,,,BC003_2,,JAK2 c.731A>G,,22
SF3B1 c.1998G>T,SF3B1 c.1998G>T,ATAT,ATCT,,,,,,,,,BC003_2,,SF3B1 c.1998G>T,,43
JAK2 c.892T>C,JAK2 c.892T>C,CGCT,CACT,,,,,,,,,BC003_2,,JAK2 c.892T>C,,18
SF3B1 c.2098A>G,SF3B1 c.2098A>G,CTTCCT,CTTTCT,,,,,,,,,BC003_2,,SF3B1 c.2098A>G,,10
TET2 c.2790_2791del,TET2 c.2790_2791del,GA,GGCA,,,,,,,,,BC003_2,,TET2 c.2790_2791del,,9
TET2 c.685dupA,TET2 c.685dupA,TGTTT,TGTT,,,,,,,,,BC003_2,,TET2 c.685dupA,,23
